,Name,SMILES
0,['Methanal'],C=O
1,['p-Methoxy-acetanilide'],None
2,['N-Methylbis(2-chloroethyl)amine'],CN(CCCl)CCCl
3,['Urethane'],CCOC(=O)N
4,"['N,N,N’,N’-Tetramethyl-methane diamine']",None
5,['Nicotine'],CN1CCC[C@H]1C2=CN=CC=C2
6,['N-Nitrosodiethyl amine'],None
7,"['O,O-Dimethyl O-[3-methyl-4-(methylthio)phenyl]-thiophosphate']",None
8,['Glycerol trinitrate'],C(C(CO[N+](=O)[O-])O[N+](=O)[O-])O[N+](=O)[O-]
9,['Diisopropyl fluoro phosphate'],None
10,['Tetrachloromethane'],C(Cl)(Cl)(Cl)Cl
11,"['O,O-Diethyl O-(4-nitrophenyl)-thiophosphate']",None
12,['Glycerol'],C(C(CO)O)O
13,['Allyl isothiocyanate'],C=CCN=C=S
14,['Hexadecanoic acid'],CCCCCCCCCCCCCCCC(=O)O
15,['Octadecanoic acid'],CCCCCCCCCCCCCCCCCC(=O)O
16,"['1,1-Dimethyl-hydrazine']",CN(C)N
17,"['1,2-Propanediol']",CC(CO)O
18,['2-Oxetanone'],C1COC1=O
19,['Ergosterol'],C[C@H](/C=C/[C@H](C)C(C)C)[C@H]1CC[C@@H]2[C@@]1(CC[C@H]3C2=CC=C4[C@@]3(CC[C@@H](C4)O)C)C
20,['Cholesterol'],C[C@H](CCCC(C)C)[C@H]1CC[C@@H]2[C@@]1(CC[C@H]3[C@H]2CC=C4[C@@]3(CC[C@@H](C4)O)C)C
21,"['7,12-Dimethylbenz-[a]anthracene,(9,10-Dimethyl-1,2-benzanthracene)']",None
22,['Triphenylethylene'],C1=CC=C(C=C1)C=C(C2=CC=CC=C2)C3=CC=CC=C3
23,"['2,3,4,6-Tetrachlorophenol']",C1=C(C(=C(C(=C1Cl)Cl)Cl)O)Cl
24,['α-Tocopherol acetate'],None
25,"['2,3-Dimercaptopropanol']",C(C(CS)S)O
26,"['Morpholine, 4-nitroso-']",C1COCCN1N=O
27,['Glycerol tributyrate'],CCCC(=O)OCC(COC(=O)CCC)OC(=O)CCC
28,['4-Amino-azobenzene'],C1=CC=C(C=C1)N=NC2=CC=C(C=C2)N
29,['2-Phenylethanol'],C1=CC=C(C=C1)CCO
30,['2-Mercapotethanol'],None
31,['Diethyl ether'],CCOCC
32,['Acetamide'],CC(=O)N
33,['4-Ethoxyacetanilide'],CCOC1=CC=C(C=C1)NC(=O)C
34,['Aniline (benzenamine)'],None
35,"['Phosphoric acid, 2,2-dichloroethenyl dimethyl ester']",COP(=O)(OC)OC=C(Cl)Cl
36,['N-Nitrosodimethyl-amine'],None
37,['L-Phenylalanine'],C1=CC=C(C=C1)C[C@@H](C(=O)O)N
38,['Ethanol'],CCO
39,['Methanoic acid'],C(=O)O
40,['Ethanoic acid'],CC(=O)O
41,['Diethyl sulfate'],CCOS(=O)(=O)OCC
42,['Benzoic acid'],C1=CC=C(C=C1)C(=O)O
43,['Hexanal'],CCCCCC=O
44,['Methanol'],CO
45,['Methoxyamine'],CON
46,['2-Propanol'],CC(C)O
47,['Propanone'],CC(=O)C
48,['Trichloromethane'],C(Cl)(Cl)Cl
49,['Dimethyl sulfoxide'],CS(=O)C
50,['Methyl sulfone'],CS(=O)(=O)C
51,['Hexachloroethane'],C(C(Cl)(Cl)Cl)(Cl)(Cl)Cl
52,['Mercaptoacetic acid'],C(C(=O)O)S
53,['Dimethyl formamide'],CN(C)C=O
54,['2-Hydroxybenzoic acid'],C1=CC=C(C(=C1)C(=O)O)O
55,['1-Propanol'],CCCO
56,['1-Butanol'],CCCCO
57,['1-Pentanol'],CCCCCO
58,['Benzene'],C1=CC=CC=C1
59,"['1,1,1-Trichloroethane']",CC(Cl)(Cl)Cl
60,['Methane'],C
61,['Bromomethane'],CBr
62,['Ethane'],CC
63,['Ethene'],C=C
64,['Ethyne'],C#C
65,['Chloromethane'],CCl
66,['Iodomethane'],CI
67,['Methanamine'],CN
68,['Hydrogen cyanide'],C#N
69,['Methanethiol'],CS
70,['Dibromomethane'],C(Br)Br
71,['Bromoethane'],CCBr
72,['Bromochloromethane'],C(Cl)Br
73,['Propane'],CCC
74,['Propyne'],CC#C
75,['Chloroethane'],CCCl
76,['Vinylchloride'],C=CCl
77,['Fluoroethylene'],C=CF
78,['Iodoethane'],CCI
79,['Ethanamine'],CCN
80,['Acetonitrile'],CC#N
81,['Ethanal'],CC=O
82,['Ethanethiol'],CCS
83,['Dichloromethane'],C(Cl)Cl
84,['Difluoromethane'],C(F)F
85,['Diiodomethane'],C(I)I
86,['Formamide'],C(=O)N
87,['Carbon disulfide'],C(=S)=S
88,['2-Thiapropane'],CSC
89,['Oxirane'],C1CO1
90,['Tribromomethane'],C(Br)(Br)Br
91,['2-Bromopropane'],CC(C)Br
92,['Bromodichloro-methane'],None
93,['2-Methylpropane'],CC(C)C
94,['2-Chloropropane'],CC(C)Cl
95,['2-Iodopropane'],CC(C)I
96,['Isopropyl amine'],CC(C)N
97,['2-Propanethiol'],CC(C)S
98,"['1,1-Dichloroethane']",CC(Cl)Cl
99,"['1,1-Dichloroethylene']",C=C(Cl)Cl
100,['Acetyl chloride'],CC(=O)Cl
101,"['1,1-Difluoroethane']",CC(F)F
102,"['1,1-Difluoroethylene']",C=C(F)F
103,['Dichlorofluoro-methane'],None
104,['Carbonyl chloride'],C(=O)(Cl)Cl
105,['Chlorodifluoro-methane'],None
106,['Trifluoromethane'],C(F)(F)F
107,['Trimethyl amine'],CN(C)C
108,['Nitromethane'],C[N+](=O)[O-]
109,['Dichloromethylsilane'],C[Si](Cl)Cl
110,['Propylene oxide'],CC1CO1
111,['Dibromodifluoro-methane'],None
112,['Bromotrichloro-methane'],None
113,['Bromotrifluoro-methane'],None
114,['tert-Butyl amine'],CC(C)(C)N
115,['2-Methyl-2-propanol'],CC(C)(C)O
116,['2-Methyl-2-propanethiol'],CC(C)(C)S
117,"['1-Chloro-1,1-difluoroethane']",CC(F)(F)Cl
118,['Trichlorofluoro-methane'],None
119,['Dichlorodifluoro-methane'],C(F)(F)(Cl)Cl
120,['Chlorotrifluoro-methane'],None
121,['Tetrafluoromethane'],C(F)(F)(F)F
122,['Methanesulfonic acid'],CS(=O)(=O)O
123,['Chlorotrimethylsilane'],C[Si](C)(C)Cl
124,['Dichlorodimethyl-silane'],None
125,['Methyltrichlorosilane'],C[Si](Cl)(Cl)Cl
126,"['1,2-Dibromo-1,1-dichloroethane']",C(C(Cl)(Cl)Br)Br
127,"['1,2-Dibromo-1,1-difluoroethane']",C(C(F)(F)Br)Br
128,"['2, 2-Dimethylbutane']",None
129,"['2,2-Dimethyl-1-propanol']",CC(C)(C)CO
130,['2-Methyl-2-butanol'],CCC(C)(C)O
131,['Acetone cyanohydrine'],CC(C)(C#N)O
132,['Trichloro-acetaldehyde'],C(=O)C(Cl)(Cl)Cl
133,"['1-Chloro-2,2,2-trifluoroethane']",C(C(F)(F)F)Cl
134,"['2,2,2-Trifluoroethanol']",C(C(F)(F)F)O
135,['tert-Butyl hydroperoxide'],CC(C)(C)OO
136,['Trichlorovinylsilane'],C=C[Si](Cl)(Cl)Cl
137,"['3,3-Dimethyl-2-butanone']",CC(=O)C(C)(C)C
138,"['2,2-Dimethyl-propanoic acid']",CC(C)(C)C(=O)O
139,['Pentachloroethane'],C(C(Cl)(Cl)Cl)(Cl)Cl
140,['Trichloroacetyl chloride'],C(=O)(C(Cl)(Cl)Cl)Cl
141,['Trichlorethanoic acid'],None
142,['Trifluoroethanoic acid'],C(=O)(C(F)(F)F)O
143,['Trichloronitro-methane'],None
144,"['2,3-Dimethyl-2,3-butanediol']",CC(C)(C(C)(C)O)O
145,"['1,2,2,2-Tetrachloro-1,1-difluoroethane']",C(C(Cl)(Cl)Cl)(F)(F)Cl
146,"['1,1,2,2-Tetrachloro-1,2difluoroethane']",None
147,"['1,1,2-Trichloro-1,2,2-trifluoroethane']",C(C(F)(Cl)Cl)(F)(F)Cl
148,"['1,2-Dichloro-1,1,2,2-tetrafluoroethane']",C(C(F)(F)Cl)(F)(F)Cl
149,['Chloropentafluoroethane'],C(C(F)(F)Cl)(F)(F)F
150,['Octafluoropropane'],C(C(F)(F)F)(C(F)(F)F)(F)F
151,"['2,2-Bis(ethylsulfonyl)-butane']",None
152,"['2,2,3,3-Tetrafluoro-1-propanol']",C(C(C(F)F)(F)F)O
153,"['1,1-Dichloro-2,2-difluoro-2-methoxy ethane']",None
154,['D-Bornyl acetate'],CC(=O)O[C@H]1[C@]2(CC[C@H](C2)C1(C)C)C
155,"['4-Methylheptane-5,5-dicarboxylic acid diethyl ester']",CCCC(C)C(CC)(C(=O)OCC)C(=O)OCC
156,['Diethylmalonic acid diethyl ester'],CCC(CC)(C(=O)OCC)C(=O)OCC
157,['β-Santalol'],None
158,"['2,4,6,8-Tetramethyl-2,4,6,8-tetraphenyl-cyclotetrasiloxane']",None
159,['3-Methyl-3-pentanol'],CCC(C)(CC)O
160,"['2,2-Dimethoxy propane']",CC(C)(OC)OC
161,['Dimethyl sulfate'],COS(=O)(=O)OC
162,['Triethyl citrate'],CCOC(=O)CC(CC(=O)OCC)(C(=O)OCC)O
163,"['2-Ethyl-2-(hydroxymethyl)-1,3-propanediol']",CCC(CO)(CO)CO
164,['Tetraethoxysilane'],CCO[Si](OCC)(OCC)OCC
165,['Tri-o-tolyl phosphate'],CC1=CC=CC=C1OP(=O)(OC2=CC=CC=C2C)OC3=CC=CC=C3C
166,['Tri-p-tolyl phosphate'],CC1=CC=C(C=C1)OP(=O)(OC2=CC=C(C=C2)C)OC3=CC=C(C=C3)C
167,['Linalyl isobutyrate'],CC(C)C(=O)OC(C)(CCC=C(C)C)C=C
168,"['O,O-Diethyl S-[2-(diethylamino)ethyl]-thiophosphate']",CCN(CC)CCSP(=O)(OCC)OCC
169,"['3,5,5-Trimethyl-2-cyclohexen-1-one']",CC1=CC(=O)CC(C1)(C)C
170,['Dimethyldiethoxy-silane'],None
171,"['2,6-Dimethyl-6-octanol']",CCC(C)(CCCC(C)C)O
172,"['1,1,2-Tribromoethane']",C(C(Br)Br)Br
173,"['1,2-Dibromopropane']",CC(CBr)Br
174,['2-Bromobutane'],CCC(C)Br
175,['1-Bromo-2-methylpropane'],CC(C)CBr
176,['2-Methylbutane'],CCC(C)C
177,"['2-Methyl-1, 3-butadiene']",None
178,['Isobutyl amine'],CC(C)CN
179,['2-Methyl-1-propanol'],CC(C)CO
180,['2-Methylpropanal'],CC(C)C=O
181,['(2RS)-Chlorobutane'],None
182,"['1,2-Dichloropropane']",CC(CCl)Cl
183,['2-Chloro-1-propanol'],CC(CO)Cl
184,"['10N2 1,2-Diamino-propane (+/-)']",None
185,['2-Butanol'],CCC(C)O
186,['2-Butanone'],CCC(=O)C
187,['Methyl vinyl ketone'],CC(=O)C=C
188,['Chloroacetone'],CC(=O)CCl
189,['1-Amino-2-propanol'],CC(CN)O
190,"['1,1-Dichloropropane']",CCC(Cl)Cl
191,"['1,1,2-Trichloroethane']",C(C(Cl)Cl)Cl
192,['Trichloroethylene'],C(=C(Cl)Cl)Cl
193,['Chloroacetyl chloride'],C(C(=O)Cl)Cl
194,['Propionamide'],CCC(=O)N
195,['Acrylamide'],C=CC(=O)N
196,['Bromoethanoic acid'],C(C(=O)O)Br
197,['Propanoic acid'],CCC(=O)O
198,['Propenoic acid'],C=CC(=O)O
199,['Chloroethanoic acid'],C(C(=O)O)Cl
200,['Glycolic acid'],C(C(=O)O)O
201,['N-Methylacetamide'],CC(=O)NC
202,['Methyl ethanoate'],CC(=O)OC
203,['Peroxyethanoic acid'],CC(=O)OO
204,['Nitroethane'],CC[N+](=O)[O-]
205,"['1,1,2,2,-Tetrabromoethane']",None
206,"['2,3-Dimethylbutane']",CC(C)C(C)C
207,['2-Methylpropanoic acid'],CC(C)C(=O)O
208,"['1,1,2,2-Tetrachloroethane']",C(C(Cl)Cl)(Cl)Cl
209,['Chlorotrifluoroethylene'],C(=C(F)Cl)(F)F
210,['Methacrylamide'],CC(=C)C(=O)N
211,['2-Methylpropenoic acid'],CC(=C)C(=O)O
212,['Dichloroacetic acid'],C(C(=O)O)(Cl)Cl
213,['2-Nitropropane'],CC(C)[N+](=O)[O-]
214,"['1-Chloro-1,1,3,3,3-pentafluoro-2-propanone']",C(=O)(C(F)(F)F)C(F)(F)Cl
215,['β-Isomethylionone'],None
216,['β-Ionone'],None
217,['Camphene'],CC1(C2CCC(C2)C1=C)C
218,"['2,2-Bis(4-hydroxy-phenyl)propane']",None
219,"[""4,4'-Dichlorodiphenyl sulfone""]",C1=CC(=CC=C1S(=O)(=O)C2=CC=C(C=C2)Cl)Cl
220,['Dichlorodiphenyl-silane'],None
221,['Cumenyl hydroperoxide'],CC(C)(C1=CC=CC=C1)OO
222,"['4-(1,1-Dimethyl-propyl)phenol']",None
223,['(+)-α-Pinene'],None
224,['(E)-2-Methyl-2-butenoic acid'],C/C=C(\C)/C(=O)O
225,['Methyl metacrylate'],None
226,"['1,3-Dimethyl-2-imidazolidinone']",CN1CCN(C1=O)C
227,"['2,4,6-Trinitro-1,3-dimethyl-5-tert-butylbenzene']",CC1=C(C(=C(C(=C1[N+](=O)[O-])C(C)(C)C)[N+](=O)[O-])C)[N+](=O)[O-]
228,"['2-Nitro-1,3-dimethyl benzene']",None
229,"['1,4-Dihydroxy-anthraquinone']",C1=CC=C2C(=C1)C(=O)C3=C(C=CC(=C3C2=O)O)O
230,['7H-Benz[de]-anthracene-7-one'],None
231,['1-Nitro-anthraquinone'],C1=CC=C2C(=C1)C(=O)C3=C(C2=O)C(=CC=C3)[N+](=O)[O-]
232,['1-Methylamino-anthraquinone'],None
233,['Acenaphthene'],C1CC2=CC=CC3=C2C1=CC=C3
234,['3-Methylindole'],CC1=CNC2=CC=CC=C12
235,"['1,2-Dimethyl-3-nitrobenzene']",CC1=C(C(=CC=C1)[N+](=O)[O-])C
236,['o-Terphenyl'],C1=CC=C(C=C1)C2=CC=CC=C2C3=CC=CC=C3
237,['2-tert-Butylanthraquinone'],CC(C)(C)C1=CC2=C(C=C1)C(=O)C3=CC=CC=C3C2=O
238,['Dicyclohexyl phthalate'],C1CCC(CC1)OC(=O)C2=CC=CC=C2C(=O)OC3CCCCC3
239,['Butylcyclohexyl phthalate'],CCCCOC(=O)C1=CC=CC=C1C(=O)OC2CCCCC2
240,"['9,10-Anthraquinone']",C1=CC=C2C(=C1)C(=O)C3=CC=CC=C3C2=O
241,['Diethyl phthalate'],CCOC(=O)C1=CC=CC=C1C(=O)OCC
242,['Di(2-methylpropyl) phthalate'],None
243,"['1,2-Cyclohexane-dicarboxylic acid bis(2-ethylhexyl) ester']",None
244,['Dibutyl phthalate'],CCCCOC(=O)C1=CC=CC=C1C(=O)OCCCC
245,['Dihexyl phthalate'],CCCCCCOC(=O)C1=CC=CC=C1C(=O)OCCCCCC
246,['Dinonyl phthalate'],CCCCCCCCCOC(=O)C1=CC=CC=C1C(=O)OCCCCCCCCC
247,['Phenanthrene'],C1=CC=C2C(=C1)C=CC3=CC=CC=C32
248,['(5-Chloro-2-hydroxyphenyl)phenylmethanone'],C1=CC=C(C=C1)C(=O)C2=C(C=CC(=C2)Cl)O
249,['Phthalic anhydride'],C1=CC=C2C(=C1)C(=O)OC2=O
250,['Butylbenzyl-phthalate'],None
251,['2-Chloro-6-phenylphenol'],C1=CC=C(C=C1)C2=C(C(=CC=C2)Cl)O
252,['N-Ethylcarbazole'],CCN1C2=CC=CC=C2C3=CC=CC=C31
253,['1-(Chloromethyl)-naphthalene'],C1=CC=C2C(=C1)C=CC=C2CCl
254,['1-Naphthoic acid'],C1=CC=C2C(=C1)C=CC=C2C(=O)O
255,['1-Nitronaphthalene'],C1=CC=C2C(=C1)C=CC=C2[N+](=O)[O-]
256,['Fluorene'],C1C2=CC=CC=C2C3=CC=CC=C31
257,['Carbazole'],C1=CC=C2C(=C1)C3=CC=CC=C3N2
258,['1-Pentylnaphthalene'],CCCCCC1=CC=CC2=CC=CC=C21
259,['Salicylic acid 4-tert-butylphenyl ester'],CC(C)(C)C1=CC=C(C=C1)OC(=O)C2=CC=CC=C2O
260,['Isopentyl salicylate'],CC(C)CCOC(=O)C1=CC=CC=C1O
261,['Ethyl anthranilate'],CCOC(=O)C1=CC=CC=C1N
262,['2-(2-Pentyl)phenol'],CCCC(C)C1=CC=CC=C1O
263,['Phthalide'],C1C2=CC=CC=C2C(=O)O1
264,"['1,2,3-Trichlorobenzene']",C1=CC(=C(C(=C1)Cl)Cl)Cl
265,"['2,6-Dimethylaniline']",CC1=C(C(=CC=C1)C)N
266,"['2,6-Dichlorophenol']",C1=CC(=C(C(=C1)Cl)O)Cl
267,"['1,2,3-Trihydroxybenzene']",C1=CC(=C(C(=C1)O)O)O
268,"['Hexachloro-1,3-butadiene']",C(=C(Cl)Cl)(C(=C(Cl)Cl)Cl)Cl
269,['Pentachlorophenol'],C1(=C(C(=C(C(=C1Cl)Cl)Cl)Cl)Cl)O
270,['Diethyl (+)-tartrate'],CCOC(=O)C(C(C(=O)OCC)O)O
271,['Dibutyl tartrate'],CCCCOC(=O)C(C(C(=O)OCCCC)O)O
272,"['2,4,6-Trimethyl-aniline']",CC1=CC(=C(C(=C1)C)N)C
273,"['2,4,6-Trichlorophenol']",C1=C(C=C(C(=C1Cl)O)Cl)Cl
274,['2-Ethylbutyric acid'],CCC(CC)C(=O)O
275,['Furancarbonylic acid'],C1=COC(=C1)C(=O)O
276,['1-(Trifluoromethyl)-2-chlorobenzene'],C1=CC=C(C(=C1)C(F)(F)F)Cl
277,['2-tert-Butylphenol'],CC(C)(C)C1=CC=CC=C1O
278,['3-Methyl-6-tert-butylphenol'],CC1=CC(=C(C=C1)C(C)(C)C)O
279,['2-Isopropylphenol'],CC(C)C1=CC=CC=C1O
280,['2-Nitrotoluene'],CC1=CC=CC=C1[N+](=O)[O-]
281,['1-Chloro-2-nitrobenzene'],C1=CC=C(C(=C1)[N+](=O)[O-])Cl
282,['2-Nitroaniline'],C1=CC=C(C(=C1)N)[N+](=O)[O-]
283,['2-Nitrophenol'],C1=CC=C(C(=C1)[N+](=O)[O-])O
284,"['2ClN3O6 1-Chloro-2,4,6-trinitro benzene']",None
285,"['2,4,6-Trinitrophenol']",C1=C(C=C(C(=C1[N+](=O)[O-])O)[N+](=O)[O-])[N+](=O)[O-]
286,['Phthaloylchloride'],None
287,['Pyromellitic acid'],C1=C(C(=CC(=C1C(=O)O)C(=O)O)C(=O)O)C(=O)O
288,['Pyromellitic acid dianhydride'],C1=C2C(=CC3=C1C(=O)OC3=O)C(=O)OC2=O
289,"['2,4,5-Trichloro-1-nitrobenzene']",C1=C(C(=CC(=C1Cl)Cl)Cl)[N+](=O)[O-]
290,['2-sec-Butylphenol'],CCC(C)C1=CC=CC=C1O
291,['Pulegone'],C[C@@H]1CCC(=C(C)C)C(=O)C1
292,['p-Cymen-3-ol'],CC1=CC(=C(C=C1)C(C)C)O
293,"['4-Nitro-1,3-dimethylbenzene']",CC1=CC(=C(C=C1)[N+](=O)[O-])C
294,['O-Chloro-benzaldehyde'],None
295,['2-Ethylphenol'],CCC1=CC=CC=C1O
296,['2-Hydroxy-benzaldehyde'],C1=CC=C(C(=C1)C=O)O
297,['2-Aminoanisole'],COC1=CC=CC=C1N
298,['2-Methoxyphenol'],COC1=CC=CC=C1O
299,['1-Bromonaphthalene'],C1=CC=C2C(=C1)C=CC=C2Br
300,['1-Methylnaphthalene'],CC1=CC=CC2=CC=CC=C12
301,['1-Chloronaphthalene'],C1=CC=C2C(=C1)C=CC=C2Cl
302,['1-Iodonaphthalene'],C1=CC=C2C(=C1)C=CC=C2I
303,['1-Naphthol'],C1=CC=C2C(=C1)C=CC=C2O
304,['N-Phenyl-1-naphthylamine'],C1=CC=C(C=C1)NC2=CC=CC3=CC=CC=C32
305,['2-Phenylphenol'],C1=CC=C(C=C1)C2=CC=CC=C2O
306,['Chlorodiphenyl-methane'],None
307,['Diphenylmethanol'],C1=CC=C(C=C1)C(C2=CC=CC=C2)O
308,"['2,6-Toluene diisocyanate']",CC1=C(C=CC=C1N=C=O)N=C=O
309,['Naphthalene'],C1=CC=C2C=CC=CC2=C1
310,['Quinoline'],C1=CC=C2C(=C1)C=CC=N2
311,['2-Nitroanisole'],COC1=CC=CC=C1[N+](=O)[O-]
312,['2-Methylnaphthalene'],CC1=CC2=CC=CC=C2C=C1
313,['2-Chloronaphthalene'],C1=CC=C2C=C(C=CC2=C1)Cl
314,['2-Naphthalenamine'],C1=CC=C2C=C(C=CC2=C1)N
315,['6-Methylquinoline'],CC1=CC2=C(C=C1)N=CC=C2
316,['2-Methylquinoline'],CC1=NC2=CC=CC=C2C=C1
317,"['1,2-Benzopyrone']",C1=CC=C2C(=C1)C=CC(=O)O2
318,"['N,N-Diethylaniline']",CCN(CC)C1=CC=CC=C1
319,['3-(Diethylamino)-phenol'],CCN(CC)C1=CC(=CC=C1)O
320,['2-Bromo-4-phenylphenol'],C1=CC=C(C=C1)C2=CC(=C(C=C2)O)Br
321,['m-Terphenyl'],C1=CC=C(C=C1)C2=CC(=CC=C2)C3=CC=CC=C3
322,"['cis,cis-Bicyclohexyl']",None
323,"['1,1-Biphenyle']",None
324,['4-Bromobiphenyl'],C1=CC=C(C=C1)C2=CC=C(C=C2)Br
325,['4-Phenylphenol'],C1=CC=C(C=C1)C2=CC=C(C=C2)O
326,['Xanthene'],C1C2=CC=CC=C2OC3=CC=CC=C31
327,['Phenothiazine'],C1=CC=C2C(=C1)NC3=CC=CC=C3S2
328,['Thianthrene'],C1=CC=C2C(=C1)SC3=CC=CC=C3S2
329,['p-Terphenyl'],C1=CC=C(C=C1)C2=CC=C(C=C2)C3=CC=CC=C3
330,['2-Acetyl-naphthalene'],CC(=O)C1=CC2=CC=CC=C2C=C1
331,['2-Naphthoic acid'],C1=CC=C2C=C(C=CC2=C1)C(=O)O
332,"['1,2-Dimethoxy-4-allyl benzene']",COC1=C(C=C(C=C1)CC=C)OC
333,['Eugenol acetate'],CC(=O)OC1=C(C=C(C=C1)CC=C)OC
334,['2-Methoxy-4-methyl phenol'],CC1=CC(=C(C=C1)O)OC
335,"['(1,2-Dibromoethyl)-benzene']",C1=CC=C(C=C1)C(CBr)Br
336,['1-Phenyl-1-propanone'],CCC(=O)C1=CC=CC=C1
337,['Methyl benzoate'],COC(=O)C1=CC=CC=C1
338,"['Butyl-2,4,5-trichloro-phenoxyacetate']",None
339,['Ethyl benzoate'],CCOC(=O)C1=CC=CC=C1
340,['Bis(α-methyl-benzyl) ether'],None
341,['Benzoic anhydride'],C1=CC=C(C=C1)C(=O)OC(=O)C2=CC=CC=C2
342,['Phenyl benzoate'],C1=CC=C(C=C1)C(=O)OC2=CC=CC=C2
343,['Dibenzoyl resorcinol'],C1=CC=C(C=C1)C(=O)OC2=CC(=CC=C2)OC(=O)C3=CC=CC=C3
344,['Ethyl benzoylacetate'],CCOC(=O)CC(=O)C1=CC=CC=C1
345,"['2,4-Dichloro-phenoxyacetic acid isopropyl ester']",None
346,['Benzal acetophenone'],None
347,['Isopentyl benzoate'],CC(C)CCOC(=O)C1=CC=CC=C1
348,"['4-Allyl-1,2-(methylenedioxy)-benzene']",None
349,['2-Ethoxyaniline'],CCOC1=CC=CC=C1N
350,"['2,4-Dichloro-phenoxyacetic acid 1-methylpropyl ester']",None
351,"['2,4-Dichloro-phenoxyacetic acid butyl ester']",None
352,"['2,4-Dichloro-1-(chloromethyl)-benzene']",None
353,"['Triethylene glycol, bis(2-ethyl-butanoate)']",None
354,"['Indene, (1H-indene)']",C1C=CC2=CC=CC=C21
355,['Benzo[b]thiophene'],C1=CC=C2C(=C1)C=CS2
356,['Benzo[d]thiazole'],C1=CC=C2C(=C1)N=CS2
357,['2-Bromotoluene'],CC1=CC=CC=C1Br
358,"['1,2-Dimethylbenzene']",CC1=CC=CC=C1C
359,['2-Methylphenol'],CC1=CC=CC=C1O
360,['1-Chloro-2-methylbenzene'],CC1=CC=CC=C1Cl
361,"['1,2-Dichlorobenzene']",C1=CC=C(C(=C1)Cl)Cl
362,['2-Chloroaniline'],C1=CC=C(C(=C1)N)Cl
363,['2-Fluorotoluene'],CC1=CC=CC=C1F
364,['o-Toluidine'],CC1=CC=CC=C1N
365,['2-Bromophenol'],C1=CC=C(C(=C1)O)Br
366,['2-Chlorophenol'],C1=CC=C(C(=C1)O)Cl
367,"['1,2,4-Trimethylbenzene']",CC1=CC(=C(C=C1)C)C
368,"['3,4-Dimethylphenol']",CC1=C(C=C(C=C1)O)C
369,"['2,4-Dimethylaniline']",CC1=CC(=C(C=C1)N)C
370,"['2,4-Dichlorotoluene']",CC1=C(C=C(C=C1)Cl)Cl
371,"['3,4-Dichlorotoluene']",CC1=CC(=C(C=C1)Cl)Cl
372,"['2,4-Diaminotoluene']",CC1=C(C=C(C=C1)N)N
373,"['2,5-Dimethylphenol']",CC1=CC(=C(C=C1)C)O
374,['Diethyl oxalate'],CCOC(=O)C(=O)OCC
375,"['1,2,4,5-Tetramethylbenzene']",CC1=CC(=C(C=C1C)C)C
376,"['1,2,4,5-Tetrachlorobenzene']",C1=C(C(=CC(=C1Cl)Cl)Cl)Cl
377,"['2,4,5-Trichlorophenol']",C1=C(C(=CC(=C1Cl)Cl)Cl)O
378,['Chlorodiethyl-aluminum'],None
379,"['1,2,3-Tribromopropane']",C(C(CBr)Br)Br
380,"['2,3-Dibromo-1-propanol']",C(C(CBr)Br)O
381,['3-Methylpentane'],CCC(C)CC
382,"['1,2,3-Trichloropropane']",C(C(CCl)Cl)Cl
383,['3-Pentanone'],CCC(=O)CC
384,"['1,3-Dichloro-3-propanol']",None
385,"['Butanone, oxime']",None
386,"['1,3-Dimethylurea']",CNC(=O)NC
387,['Methyl acrylate'],COC(=O)C=C
388,['Methyl chloroacetate'],COC(=O)CCl
389,['Methyl glycolate'],COC(=O)CO
390,['Methylcyclopentane'],CC1CCCC1
391,['Cyclopentanol'],C1CCC(C1)O
392,['2-Chlorothiophene'],C1=CSC(=C1)Cl
393,['2-Methyl tetrahydrofuran'],CC1CCCO1
394,['γ-Butyrolactone'],None
395,['Ethylene carbonate'],C1COC(=O)O1
396,['1-Methylpyrrole'],CN1C=CC=C1
397,['4-Ethyl-2-tert-butylphenol'],CCC1=CC(=C(C=C1)O)C(C)(C)C
398,"['2,4-Di-tert-butyl phenol']",CC(C)(C)C1=CC(=C(C=C1)O)C(C)(C)C
399,['4-Allyl-2-methoxyphenol'],COC1=C(C=CC(=C1)CC=C)O
400,['2-Methoxy-4-(1-propenyl)phenol'],C/C=C/C1=CC(=C(C=C1)O)OC
401,['Ethyl-2-methylpropanate'],None
402,['Ethyl methacrylate'],CCOC(=O)C(=C)C
403,"['N,N,N’,N’-Tetramethyl-1,3-butanediamine']",None
404,['Isobutyl isobutyrate'],CC(C)COC(=O)C(C)C
405,['Butyl methacrylate'],CCCCOC(=O)C(=C)C
406,['2-Ethyl-1-butanol'],CCC(CC)CO
407,['Tetrahydrofurfuryl alcohol'],C1CC(OC1)CO
408,['2-Hydroxymethyl-furan'],C1=COC(=C1)CO
409,['Furfuraldehyde'],C1=COC(=C1)C=O
410,"['1,1-Dimethylethylbenzene']",CC(C)(C)C1=CC=CC=C1
411,['(Trichloromethyl)-benzene'],None
412,['(Trifluoromethyl)-benzene'],None
413,['Benzene sulfochloride'],C1=CC=C(C=C1)S(=O)(=O)Cl
414,['Phenyltrichlorosilane'],C1=CC=C(C=C1)[Si](Cl)(Cl)Cl
415,['1-(Trifluoromethyl)-3-chlorobenzene'],C1=CC(=CC(=C1)Cl)C(F)(F)F
416,['3-(Trifluoromethyl)-benzenamine'],C1=CC(=CC(=C1)N)C(F)(F)F
417,['2-Methyl-4-tert-butylphenol'],CC1=C(C=CC(=C1)C(C)(C)C)O
418,"['α, α, α-Trifluoro-m-nitrotoluene']",None
419,['4-tert-Butyltoluene'],CC1=CC=C(C=C1)C(C)(C)C
420,['4-tert-Butylphenol'],CC(C)(C)C1=CC=C(C=C1)O
421,['1-(Trifluoromethyl)-4-chlorobenzene'],C1=CC(=CC=C1C(F)(F)F)Cl
422,['(1-Methylethyl)benzene'],CC(C)C1=CC=CC=C1
423,['Isopropylbenzene'],CC(C)C1=CC=CC=C1
424,['α-Methyl-benzylamine'],None
425,['1-Phenylethanol'],CC(C1=CC=CC=C1)O
426,['Methyl phenyl ketone'],CC(=O)C1=CC=CC=C1
427,['(Dichloromethyl)-benzene'],None
428,['Benzoyl chloride'],C1=CC=C(C=C1)C(=O)Cl
429,['Nitrobenzene'],C1=CC=C(C=C1)[N+](=O)[O-]
430,['3-Methyl benzoic acid'],None
431,['3-Nitrotoluene'],CC1=CC(=CC=C1)[N+](=O)[O-]
432,['3-Nitroaniline'],C1=CC(=CC(=C1)[N+](=O)[O-])N
433,"['1,3,5-Trinitrobenzene']",C1=C(C=C(C=C1[N+](=O)[O-])[N+](=O)[O-])[N+](=O)[O-]
434,['3-Methylbenzoic acid methyl ester'],CC1=CC(=CC=C1)C(=O)OC
435,['Carvone'],CC1=CCC(CC1=O)C(=C)C
436,"['1,2-Dimethyl-4-nitrobenzene']",CC1=C(C=C(C=C1)[N+](=O)[O-])C
437,"['3,4-Dichloro-1-nitrobenzene']",C1=CC(=C(C=C1[N+](=O)[O-])Cl)Cl
438,['3-Nitro-benzaldehyde'],C1=CC(=CC(=C1)[N+](=O)[O-])C=O
439,"['1,3-Diisopropylbenzene']",CC(C)C1=CC(=CC=C1)C(C)C
440,['Isophthaloyl-chloride'],None
441,['4-sec-Butylphenol'],CCC(C)C1=CC=C(C=C1)O
442,"['4-Hydroxybenzoic acid, methyl ester']",COC(=O)C1=CC=C(C=C1)O
443,['p-Menthane'],CC1CCC(CC1)C(C)C
444,"['p-Mentha-1,5-diene']",CC1=CCC(C=C1)C(C)C
445,['1-Methyl-4-1-methylethylbenzene'],None
446,['4-Isopropylaniline'],CC(C)C1=CC=C(C=C1)N
447,['4-Isopropylphenol'],CC(C)C1=CC=C(C=C1)O
448,['p-Chloroacetophenone'],CC(=O)C1=CC=C(C=C1)Cl
449,['4’-Hydroxyaceto-phenone'],None
450,"['N,N-Dimethyl-4-toluidine']",CC1=CC=C(C=C1)N(C)C
451,['4-Nitrotoluene'],CC1=CC=C(C=C1)[N+](=O)[O-]
452,['1-Chloro-4-nitrobenzene'],C1=CC(=CC=C1[N+](=O)[O-])Cl
453,['4-Nitrobenzenamine'],C1=CC(=CC=C1N)[N+](=O)[O-]
454,['4-Nitrophenol'],C1=CC(=CC=C1[N+](=O)[O-])O
455,['p-Methoxy-acetophenone'],CC(=O)C1=CC=C(C=C1)OC
456,['4-Nitroethyl benzene'],None
457,"['1,4-Diisopropylbenzene']",CC(C)C1=CC=C(C=C1)C(C)C
458,['Terephthaloyl-chloride'],C1=CC(=CC=C1C(=O)Cl)C(=O)Cl
459,['2-(Diethylamino)-ethanol'],CCN(CC)CCO
460,['Benzyl bromide'],C1=CC=C(C=C1)CBr
461,['4-Vinyl-1-Cyclohexene'],C=CC1CCC=CC1
462,['Ethylbenzene'],CCC1=CC=CC=C1
463,['Styrene'],C=CC1=CC=CC=C1
464,['Benzyl chloride'],C1=CC=C(C=C1)CCl
465,['9N Benzyl amine'],None
466,['Benzonitrile'],C1=CC=C(C=C1)C#N
467,['Benzyl alcohol'],C1=CC=C(C=C1)CO
468,['Benzaldehyde'],C1=CC=C(C=C1)C=O
469,['Phenyl methanethiol'],C1=CC=C(C=C1)CS
470,"['Nicotinic acid, nitrile']",None
471,['N-Methylaniline'],CNC1=CC=CC=C1
472,['Phenyl hydrazine'],C1=CC=C(C=C1)NN
473,['Cyclohexanon-oxime'],None
474,['Methoxybenzene'],COC1=CC=CC=C1
475,['Methyl phenyl sulfide'],CSC1=CC=CC=C1
476,['2-Ethylpyridine'],CCC1=CC=CC=N1
477,['2-Hydroxymethyl tetrahydropyran'],None
478,['N-Nitrosopiperidine'],C1CCN(CC1)N=O
479,['3-Methylstyrene'],CC1=CC(=CC=C1)C=C
480,['2-Methyl-3-phenyl-2-propen-1-al'],C/C(=C\C1=CC=CC=C1)/C=O
481,"['N,α α -Dimethylcyclo-hexan ethylamine']",None
482,['4-Bromo-phenoxybenzene'],None
483,"[""Diphenylmethane-4,4'-diisocyanate""]",C1=CC(=CC=C1CC2=CC=C(C=C2)N=C=O)N=C=O
484,"[""4,4'-Diamino-diphenylmethane""]",None
485,['Diphenylmethane'],C1=CC=C(C=C1)CC2=CC=CC=C2
486,['Diphenyl ether'],C1=CC=C(C=C1)OC2=CC=CC=C2
487,"['N,N’-Di-sec-butyl-1,4-phenylene diamine']",None
488,['Ethyl phenylacetate'],CCOC(=O)CC1=CC=CC=C1
489,['Carbanilic acid ethyl ester'],None
490,"['1,3-Diphenyl-2-propanone']",C1=CC=C(C=C1)CC(=O)CC2=CC=CC=C2
491,['Isobutyl phenylacetate'],CC(C)COC(=O)CC1=CC=CC=C1
492,['Phenylacetic acid benzyl ester'],C1=CC=C(C=C1)CC(=O)OCC2=CC=CC=C2
493,"['3Cl2NO Phenylisocyanate, dichloro-']",None
494,['Ferrocene'],[CH-]1C=CC=C1.[CH-]1C=CC=C1.[Fe+2]
495,['Tripropylamine'],CCCN(CCC)CCC
496,['Triethanolamine'],C(CO)N(CCO)CCO
497,['Glycerol triacetate'],CC(=O)OCC(COC(=O)C)OC(=O)C
498,['Tributylamine'],CCCCN(CCCC)CCCC
499,['Tridodecylamine'],CCCCCCCCCCCCN(CCCCCCCCCCCC)CCCCCCCCCCCC
500,['1-Cyclohexyl-amino-2-propanol'],CC(CNC1CCCCC1)O
501,['12N2 Acetone phenyl hydrazone'],None
502,['Acetic acid-2-ethylhexyl ester'],CCCCC(CC)COC(=O)C
503,['2-Ethylhexyl acrylate'],CCCCC(CC)COC(=O)C=C
504,['Bis(2-ethylhexyl) adipate'],CCCCC(CC)COC(=O)CCCCC(=O)OCC(CC)CCCC
505,['Nonanedioic acid bis(ethylhexyl)ester'],None
506,['Cinnamic acid methyl ester'],COC(=O)/C=C/C1=CC=CC=C1
507,"['1,2-Diphenylethane']",C1=CC=C(C=C1)CCC2=CC=CC=C2
508,['N-Benzylaniline'],C1=CC=C(C=C1)CNC2=CC=CC=C2
509,"['trans-Cinnamic acid, ethyl ester']",None
510,['Benzyl cinnamate'],C1=CC=C(C=C1)COC(=O)/C=C/C2=CC=CC=C2
511,['2-Ethylhexyl vinyl ether'],CCCCC(CC)COC=C
512,['2-Phenylethyl acetate'],CC(=O)OCCC1=CC=CC=C1
513,['Dibenzylamine'],C1=CC=C(C=C1)CNCC2=CC=CC=C2
514,"['Isobutyric acid, 3-phenyl-1-propyl ester']",CC(C)C(=O)OCCCC1=CC=CC=C1
515,['4-(Butylamino)-phenol'],CCCCNC1=CC=C(C=C1)O
516,['(2-Bromoethyl)-benzene'],C1=CC=C(C=C1)CCBr
517,['Propylbenzene'],CCCC1=CC=CC=C1
518,['N-Ethylaniline'],CCNC1=CC=CC=C1
519,['Phenyl isocyanate'],C1=CC=C(C=C1)N=C=O
520,['Phenyl isothiocyanate'],C1=CC=C(C=C1)N=C=S
521,['Ethoxybenzene'],CCOC1=CC=CC=C1
522,['Phenylacetyl chloride'],C1=CC=C(C=C1)CC(=O)Cl
523,['Phenylacetic acid'],C1=CC=C(C=C1)CC(=O)O
524,['Acetanilide'],CC(=O)NC1=CC=CC=C1
525,['p-Isopropyl-α-methyl hydro-cinnamaldehyde'],None
526,"['4ClNO Phenylisocyanate, 4-chloro-']",None
527,['4-Propenyl anisol (mixed stereoisomers)'],None
528,['Butylbenzene'],CCCCC1=CC=CC=C1
529,['3-Phenylpropanal'],C1=CC=C(C=C1)CCC=O
530,['Cinnamyl alcohol'],C1=CC=C(C=C1)/C=C/CO
531,['Cinnamaldehyde'],C1=CC=C(C=C1)/C=C/C=O
532,['Benzyl formate'],C1=CC=C(C=C1)COC=O
533,['Decylbenzene'],CCCCCCCCCCC1=CC=CC=C1
534,['19N 2-Ethylhexylamine'],None
535,['2-Ethyl-1-hexanol'],CCCCC(CC)CO
536,"['N,N-Diethyl-1,3-propanediamine']",CCN(CC)CCCN
537,['1-(Chloromethyl)-4-methylbenzene'],CC1=CC=C(C=C1)CCl
538,['4-Methyl benzylamine'],CC1=CC=C(C=C1)CN
539,['p-Toluonitrile'],CC1=CC=C(C=C1)C#N
540,['4-Bromomethoxy benzene'],None
541,"['1,4-Diethylbenzene']",CCC1=CC=C(C=C1)CC
542,['4-Methoxybenzyl alcohol'],COC1=CC=C(C=C1)CO
543,['2-Methyl-1-pentanol'],CCCC(C)CO
544,['Methyl cyanoacetate'],COC(=O)CC#N
545,['Ethyl propanoate'],CCC(=O)OCC
546,['Vinyl propionate'],CCC(=O)OC=C
547,['Ethyl chloroacetate'],CCOC(=O)CCl
548,['Ethyl N-methylcarbamate'],CCOC(=O)NC
549,['4-Methyl-2-hexanone'],CCC(C)CC(=O)C
550,['Methylene acetoacetate'],None
551,['Isopropyl chloroethanoate'],None
552,['Diethyl malonate'],CCOC(=O)CC(=O)OCC
553,['Ethyl butanoate'],CCCC(=O)OCC
554,['Ethyl cyanoacetate'],CCOC(=O)CC#N
555,"['1,1-Diethoxyethane']",CCOC(C)OCC
556,['Diethyl carbonate'],CCOC(=O)OCC
557,['N-Methyl diethanolamine'],CN(CCO)CCO
558,['6-Hexanelactam'],C1CCC(=O)NCC1
559,['Propyl butyrate'],CCCC(=O)OCCC
560,"['2,4-Dimethylphenol']",CC1=CC(=C(C=C1)O)C
561,['Isopentyl propanate'],None
562,['Dibutyl malate'],CCCCOC(=O)CC(C(=O)OCCCC)O
563,"['3,7-Dimethyl-trans-3,7-octadienyl methanoate']",None
564,['Geranyl acetate'],CC(=CCC/C(=C/COC(=O)C)/C)C
565,['Geranyl propionate'],CCC(=O)OC/C=C(\C)/CCC=C(C)C
566,"['1,4-Dioxa-5,17-cyclo-heptadecandione']",C1CCCCCC(=O)OCCOC(=O)CCCCC1
567,['Adipic acid butyl ester'],None
568,['Dodecanoic acid butyl ester'],CCCCCCCCCCCC(=O)OCCCC
569,['Dipropyl adipate'],CCCOC(=O)CCCCC(=O)OCCC
570,"['3,7-Dimethyl-1-octanol']",CC(C)CCCC(C)CCO
571,"['3,7-Dimethyl-6-octen-1-ol']",CC(CCC=C(C)C)CCO
572,"['3,7-Dimethyl-trans-2,6-octadien-1-ol']",CC(=CCC/C(=C/CO)/C)C
573,"['3,7-Dimethyl-cis-2,6-octadien-1-ol']",None
574,['Isopentyl butanoate'],CCCC(=O)OCCC(C)C
575,['Geranyl butyrate'],CCCC(=O)OC/C=C(\C)/CCC=C(C)C
576,['Butanoic anhydride'],CCCC(=O)OC(=O)CCC
577,['Caprylic acid ethyl ester'],CCCCCCCC(=O)OCC
578,['Ethyl laurate'],CCCCCCCCCCCC(=O)OCC
579,['3-Heptanone'],CCCCC(=O)CC
580,['Propyl propanoate'],CCCOC(=O)CC
581,"['1,4-Dibromobenzene']",C1=CC(=CC=C1Br)Br
582,['4-Bromotoluene'],CC1=CC=C(C=C1)Br
583,['1-Bromo-4-chlorobenzene'],C1=CC(=CC=C1Cl)Br
584,"['1,4-Dimethylbenzene']",CC1=CC=C(C=C1)C
585,['1-Chloro-4-methylbenzene'],CC1=CC=C(C=C1)Cl
586,['4-Methylphenol'],CC1=CC=C(C=C1)O
587,['4-Methylbenzenethiol'],CC1=CC=C(C=C1)S
588,"['1,4-Dichlorobenzene']",C1=CC(=CC=C1Cl)Cl
589,"['6ClN 4-Chloroaniline, p-Chloroaniline']",None
590,['4-Chlorophenol'],C1=CC(=CC=C1O)Cl
591,['p-Toluidine'],CC1=CC=C(C=C1)N
592,['p-Diaminobenzene'],C1=CC(=CC=C1N)N
593,"['1,4-Benzoquinone']",C1=CC(=O)C=CC1=O
594,"['1,4-Dimethyl-piperazine']",CN1CCN(CC1)C
595,['Glycerol 1-monoacetate'],CC(=O)OCC(CO)O
596,['Isobutyl acrylate'],CC(C)COC(=O)C=C
597,['Dimethyl succinate'],COC(=O)CCC(=O)OC
598,['2-Ethyl-4-methyl-1-pentanol'],CCC(CC(C)C)CO
599,['3-Octanone'],CCCCCC(=O)CC
600,"['1,2,6-Hexanetriol']",C(CCO)CC(CO)O
601,['Methyl hexanoate'],CCCCCC(=O)OC
602,['Methyl heptanoate'],CCCCCCC(=O)OC
603,"['1,2-Epoxybutane']",CCC1CO1
604,['(Chloromethyl)-oxirane'],C1C(O1)CCl
605,['[(2-Propenyloxy)-methyl] oxirane'],C=CCOC[C@H]1CO1
606,"['1,2-Dibromoethane']",C(CBr)Br
607,['1-Bromopropane'],CCCBr
608,['3-Bromo-1-propene'],C=CCBr
609,['Butane'],CCCC
610,['1-Butene'],CCC=C
611,"['1,3-Butadiene']",C=CC=C
612,['1-Butyne'],CCC#C
613,['2-Propenal'],C=CC=O
614,['1-Propanethiol'],CCCS
615,['1-Bromo-2-chloroethane'],C(CBr)Cl
616,['3-Chloro-1-propene'],C=CCCl
617,"['1,2-Dichloroethane']",C(CCl)Cl
618,['2-Chloroethanol'],C(CCl)O
619,['1-Iodopropane'],CCCI
620,['Propylamine'],CCCN
621,['Allylamine'],C=CCN
622,"['Propionitrile, ethyl cyanide']",None
623,['Acrylonitrile'],C=CC#N
624,"['1,2-Diaminoethane']",C(CN)N
625,['1-Propen-3-ol'],C=CCO
626,['2-Propin-1-ol'],None
627,"['1,2-Ethanediol']",C(CO)O
628,['Methyl vinyl ether'],COC=C
629,['Acetaldehyde oxime'],C/C=N/O
630,['Chlorodimethyl ether'],COCCl
631,['Methyl methanoate'],COC=O
632,['Allyltrichlorosilane'],C=CC[Si](Cl)(Cl)Cl
633,"['2,4,4-Trimethyl-1-pentene']",CC(=C)CC(C)(C)C
634,"['2,4,4-Trimethyl-2-pentene']",CC(=CC(C)(C)C)C
635,"['2-Methyl-2,4-pentanediol']",CC(CC(C)(C)O)O
636,['tert-Octylamine'],CC(C)(C)CC(C)(C)N
637,['Hexamethyl-disiloxane'],C[Si](C)(C)O[Si](C)(C)C
638,['Di-tert-butyl sulfide'],CC(C)(C)SC(C)(C)C
639,['Tetraethyl diphosphate'],CCOP(=O)(OCC)OP(=O)(OCC)OCC
640,['Tetradecamethyl-cycloheptasiloxane'],None
641,['Octamethyl-trisiloxane'],C[Si](C)(C)O[Si](C)(C)O[Si](C)(C)C
642,['Tetradecamethyl-hexasiloxane'],None
643,['4-Methoxy-4-methyl-2-pentanone'],CC(=O)CC(C)(C)OC
644,['Hydroxycitronellol'],CC(CCCC(C)(C)O)CCO
645,['Hydroxycitronellal'],CC(CCCC(C)(C)O)CC=O
646,"['1,3-Dibromobutane']",CC(CCBr)Br
647,['2-Bromopentane'],CCCC(C)Br
648,['1-Bromo-3-methylbutane'],CC(C)CCBr
649,['2-Methylpentane'],CCCC(C)C
650,['2-Pentanone'],CCCC(=O)C
651,"['1,3-Butanediol']",CC(CCO)O
652,['Butanoic acid'],CCCC(=O)O
653,['(E)-2-Butenoic acid'],C/C=C/C(=O)O
654,['1-Methoxy-2-propanol'],CC(COC)O
655,['2-Dimethylamino ethanol'],CN(C)CCO
656,['1-Nitropropane'],CCC[N+](=O)[O-]
657,['Ethenyl ethanoate'],CC(=O)OC=C
658,"['2,4-Dimethylpentane']",CC(C)CC(C)C
659,['4-Methyl-2-pentanone'],CC(C)CC(=O)C
660,['4-Methyl-2-pentanol'],CC(C)CC(C)O
661,['Diisopropylamine'],CC(C)NC(C)C
662,['Diisopropyl ether'],CC(C)OC(C)C
663,['Isopropyl ethanoate'],CC(C)OC(=O)C
664,['Isopropenyl acetate'],CC(=C)OC(=O)C
665,['Ethanoic anhydride'],CC(=O)OC(=O)C
666,['5-Methyl tetrahydrofuran-2-one'],None
667,['Succinic anhydride'],C1CC(=O)OC1=O
668,['Maleic anhydride'],C1=CC(=O)OC1=O
669,"['1,2-Propylene carbonate']",CC1COC(=O)O1
670,"['1,3-Dibromobenzene']",C1=CC(=CC(=C1)Br)Br
671,['1-Bromo-3-chlorobenzene'],C1=CC(=CC(=C1)Br)Cl
672,"['1,3-Dimethylbenzene']",CC1=CC(=CC=C1)C
673,['3-Methylphenol'],CC1=CC(=CC=C1)O
674,['3-Methylbenzenethiol'],CC1=CC(=CC=C1)S
675,['1-Chloro-3-methylbenzene'],CC1=CC(=CC=C1)Cl
676,['3-Chloroaniline'],C1=CC(=CC(=C1)Cl)N
677,['3-Chlorophenol'],C1=CC(=CC(=C1)Cl)O
678,['m-Toluidine'],CC1=CC(=CC=C1)N
679,"['1,3-Phenylene diamine']",C1=CC(=CC(=C1)N)N
680,"['1,3-Benzenediol']",C1=CC(=CC(=C1)O)O
681,"['2,4-Dimethyl-pyridine']",CC1=CC(=NC=C1)C
682,"['2,6-Dimethyl-pyridine']",CC1=NC(=CC=C1)C
683,['Glutaric anhydride'],C1CC(=O)OC(=O)C1
684,"['1,3-Divinylbenzene']",C=CC1=CC(=CC=C1)C=C
685,['Dimethyl malonate'],COC(=O)CC(=O)OC
686,['Bis(2-chloroethyl) ether'],C(CCl)OCCCl
687,['3-Methylbutanoic acid ethyl ester'],CCOC(=O)CC(C)C
688,"['1,3,5-Trimethylbenzene']",CC1=CC(=CC(=C1)C)C
689,"['3,5-Dimethylphenol']",CC1=CC(=CC(=C1)O)C
690,"['1,3,5-Trichlorobenzene']",C1=C(C=C(C=C1Cl)Cl)Cl
691,"['2,4,6-Collidine']",CC1=CC(=NC(=C1)C)C
692,"['2,6-Dimethyl-4-heptanol']",CC(C)CC(CC(C)C)O
693,"['2,6-Dimethyl-4-heptanone']",CC(C)CC(=O)CC(C)C
694,['Cyclohexyl bromide'],C1CCC(CC1)Br
695,['Bromobenzene'],C1=CC=C(C=C1)Br
696,['Methylcyclohexane'],CC1CCCCC1
697,['Toluene'],CC1=CC=CC=C1
698,['4-Methylpyridine'],CC1=CC=NC=C1
699,['Chlorobenzene'],C1=CC=C(C=C1)Cl
700,['Cyclohexylamine'],C1CCC(CC1)N
701,['Cyclohexanol'],C1CCC(CC1)O
702,['Cyclohexanone'],C1CCC(=O)CC1
703,['Phenol'],C1=CC=C(C=C1)O
704,['Benzenethiol'],C1=CC=C(C=C1)S
705,['3-Methylpyridine'],CC1=CN=CC=C1
706,['12N2 N-Methyl piperazine'],None
707,['N-Methyl-morpholine'],None
708,['2-Methylpiperidine'],CC1CCCCN1
709,['2-Methylpyridine'],CC1=CC=CC=N1
710,['2-Methylpyrazine'],CC1=NC=CN=C1
711,['2-Chloropyridine'],C1=CC=NC(=C1)Cl
712,['2-Oxacyclo-heptadecanone'],C1CCCCCCCC(=O)OCCCCCCC1
713,['Sebacic acid dibutyl ester'],CCCCOC(=O)CCCCCCCCC(=O)OCCCC
714,['5-Hexen-2-one'],CC(=O)CCC=C
715,['Pentanoic acid'],CCCCC(=O)O
716,['Isobutyl vinyl ether'],CC(C)COC=C
717,"['N,N-Dimethyl-1,3-propane diamine']",CN(C)CCCN
718,['Ethylene glycol isopropyl ether'],CC(C)OCCO
719,['Propyl ethanoate'],CCCOC(=O)C
720,['Diethyl ether-boron trifluoride'],None
721,"['1,3-Dibromopropane']",C(CBr)CBr
722,['1-Bromobutane'],CCCCBr
723,['Pentane'],CCCCC
724,['1-Pentene'],CCCC=C
725,['1-Chlorobutane'],CCCCCl
726,['1-Bromo-3-chloropropane'],C(CCl)CBr
727,['Butyl amine'],CCCCN
728,['Butyronitrile'],CCCC#N
729,['3-Butenenitrile'],C=CCC#N
730,"['1,3-Diamino-propane']",C(CN)CN
731,['Ethylene cyanohydrin'],C(CO)C#N
732,['1-Butanethiol'],CCCCS
733,"['1,3-Propanedithiol']",C(CS)CS
734,['2-(Methylamino) ethanol'],CNCCO
735,"['Ethylamine, N-methoxy-']",None
736,['2-Methoxy ethanol'],COCCO
737,['2-Dimethoxy methane'],None
738,['Diethyl amine'],CCNCC
739,['Ethyl vinyl ether'],CCOC=C
740,['Divinyl ether'],C=COC=C
741,['Ethyl methanoate'],CCOC=O
742,['Ethyl nitrite'],CCON=O
743,['Pyrrole'],C1=CNC=C1
744,['Tetrahydrofuran'],C1CCOC1
745,['Furan'],C1=COC=C1
746,['Thiacyclopentane'],C1CCSC1
747,['Thiophene'],C1=CSC=C1
748,['Di-tert-butyl peroxide'],CC(C)(C)OOC(C)(C)C
749,['5-Methyl-2-hexanone'],CC(C)CCC(=O)C
750,"['2,5-Hexandione']",CC(=O)CCC(=O)C
751,['Butanedioic acid'],C(CC(=O)O)C(=O)O
752,['Fumaric acid'],C(=C/C(=O)O)\C(=O)O
753,['2-Methylpropyl ethanoate'],CC(C)COC(=O)C
754,['Tetradecanoic acid isopropyl ether'],None
755,['Adipic acid dihexyl ester'],None
756,['Ethyl decanoate'],CCCCCCCCCC(=O)OCC
757,['Sebacic acid diethyl ester'],CCOC(=O)CCCCCCCCC(=O)OCC
758,['Methyl caprate'],CCCCCCCCCC(=O)OC
759,['2-Heptanone'],CCCCCC(=O)C
760,['3-Methylbutyl methanoate'],None
761,['Acetic acid 2-methoxyethyl ester'],CC(=O)OCCOC
762,"['1,4-Dibromobutane']",C(CCBr)CBr
763,['1-Bromopentane'],CCCCCBr
764,['Hexane'],CCCCCC
765,"['1,4-Dichlorobutane']",C(CCCl)CCl
766,"['trans-1,4-Dichloro-2-butene']",C(/C=C/CCl)Cl
767,['1-Pentanamine'],CCCCCN
768,['Valeronitrile'],CCCCC#N
769,['Succinonitrile'],C(CC#N)C#N
770,['Pentanal'],CCCCC=O
771,"['1,4-Butanediol']",C(CCO)CO
772,"['2-Butyne-1,4-diol']",C(C#CCO)O
773,['1-Pentanethiol'],CCCCCS
774,['3-Methoxypropio-nitrile'],None
775,['13N N-Methyl butyl amine'],None
776,"['Butyraldehyde, oxime']",CCC/C=N/O
777,"['1,2-Dimethoxy ethane']",COCCOC
778,['Propyl methanoate'],CCCOC=O
779,['2-Ethoxy ethanol'],CCOCCO
780,"['3,4-Dithiahexane']",CCSSCC
781,['Cyclohexane'],C1CCCCC1
782,['Cyclohexene'],C1CCC=CC1
783,['Piperazine'],C1CNCCN1
784,['Pyridine'],C1=CC=NC=C1
785,"['3,4-Dihydro-2H-pyran']",C1CC=COC1
786,"['1,3,5-Trioxane']",C1OCOCO1
787,['Piperidine'],C1CCNCC1
788,['Morpholine'],C1COCCN1
789,"['6-Methyl-5-hepten-2-one,(2-2-6)']",None
790,['Pentanedioic acid'],C(CC(=O)O)CC(=O)O
791,['Diisobutyl amine'],CC(C)CNCC(C)C
792,['Diisopropanolamine'],CC(CNCC(C)O)O
793,"['2,6,10,15,19,23-Hexamethyltetra-cosane, (Squalane)']",None
794,['Butyl palmitate'],CCCCCCCCCCCCCCCC(=O)OCCCC
795,['Methyl octanoate'],CCCCCCCC(=O)OC
796,['2-Octynoic acid methyl ester'],CCCCCC#CC(=O)OC
797,['2-Octanone'],CCCCCCC(=O)C
798,['Heptanoic acid'],CCCCCCC(=O)O
799,['2-Ethoxyethyl acetate'],CCOCCOC(=O)C
800,['Heptanedioic acid'],C(CCC(=O)O)CCC(=O)O
801,['Decanedioic acid'],C(CCCCC(=O)O)CCCC(=O)O
802,"['Triethylene glycol, dinitrate']",C(COCCO[N+](=O)[O-])OCCO[N+](=O)[O-]
803,"['1,5-Dibromopentane']",C(CCBr)CCBr
804,['1-Bromohexane'],CCCCCCBr
805,['1-Hexanamine'],CCCCCCN
806,['1-Hexanol'],CCCCCCO
807,"['1,5-Pentanediol']",C(CCO)CCO
808,['1-Hexanethiol'],CCCCCCS
809,['Butyl vinyl ether'],CCCCOC=C
810,['Butyl isocyanate'],CCCCN=C=O
811,['Diethylene triamine'],C(CNCCN)N
812,['N-(2-Aminoethyl)-ethanolamine'],C(CNCCO)N
813,['Diethanolamine'],C(CO)NCCO
814,['Dipropyl ether'],CCCOCCC
815,['Bis(2-chloroethyl) ether'],C(CCl)OCCCl
816,['Bis(2-hydroxyethyl) ether'],C(COCCO)O
817,['4-Thiaheptane'],CCCSCCC
818,"[""2,2'-Thiobisethanol""]",C(CSCCO)O
819,['Hexahydro-1H-azepine'],C1CCCNCC1
820,['Ethylene glycol diacetate'],CC(=O)OCCOC(=O)C
821,['Ethyl stearate'],CCCCCCCCCCCCCCCCCC(=O)OCC
822,['Octanoyl chloride'],CCCCCCCC(=O)Cl
823,['Octane'],CCCCCCCC
824,['1-Octene'],CCCCCCC=C
825,['1-Heptanamine'],CCCCCCCN
826,['Adiponitrile'],C(CCC#N)CC#N
827,['1-Heptanol'],CCCCCCCO
828,['Heptanal'],CCCCCCC=O
829,['2-Butoxyethanol'],CCCCOCCO
830,['2-(2-Methoxy-ethoxy)-ethanol'],COCCOCCO
831,"['1,5-Cyclooctadiene']",C1/C=C\CC/C=C\C1
832,['10-Undecenoic acid methyl ester'],COC(=O)CCCCCCCCC=C
833,['Dodecanoic acid methyl ester'],CCCCCCCCCCCC(=O)OC
834,['1-Bromooctane'],CCCCCCCCBr
835,['Nonane'],CCCCCCCCC
836,['1-Chlorooctane'],CCCCCCCCCl
837,['Octyl amine'],CCCCCCCCN
838,['1-Octanol'],CCCCCCCCO
839,['1-Octanethiol'],CCCCCCCCS
840,['Diethylene glycol monoethyl ether'],CCOCCOCCO
841,['Bis(2-chloroethoxy)-methane'],C(CCl)OCOCCCl
842,['Dibutyl amine'],CCCCNCCCC
843,['Diethylene glycol dimethyl ether'],COCCOCCOC
844,['Nonanoic acid'],CCCCCCCCC(=O)O
845,['Heptyl ethanoate'],CCCCCCCOC(=O)C
846,['Ethylene glycol monobutyl ether acetate'],CCCCOCCOC(=O)C
847,['Isopropyl sterate'],None
848,['2-Undecanone'],CCCCCCCCCC(=O)C
849,['Acetic acid octyl ester'],CCCCCCCCOC(=O)C
850,['Diethylene glycol monomethyl ether acetate'],CC(=O)OCCOCCOC
851,['Decyl acetate'],CCCCCCCCCCOC(=O)C
852,['1-Dimethyl-aminododecane'],None
853,['Nonyl amine'],None
854,['Triethylene tetramine'],C(CNCCNCCN)N
855,['Ethylene glycol monohexyl ether'],CCCCCCOCCO
856,"['1,2-Bis(2-chloro-ethoxy) ethane']",None
857,"['3,6-Dioxaoctane-1,8-diol']",C(COCCOCCO)O
858,['1-Bromodecane'],CCCCCCCCCCBr
859,['1-Decanol'],CCCCCCCCCCO
860,['Decanal'],CCCCCCCCCC=O
861,['Diethylene glycol monobutyl ether'],CCCCOCCOCCO
862,['Bis(ethoxyethyl) ether'],None
863,['Undecanoic acid'],CCCCCCCCCCC(=O)O
864,['10-Undecenoic acid'],C=CCCCCCCCCC(=O)O
865,['Hexadecanoic acid methyl ester'],CCCCCCCCCCCCCCCC(=O)OC
866,['Dodecane'],CCCCCCCCCCCC
867,['1-Dodecene'],CCCCCCCCCCC=C
868,['1-Undecanol'],CCCCCCCCCCCO
869,['Undecanal'],CCCCCCCCCCC=O
870,['Ethylene glycol dibutyl ether'],CCCCOCCOCCCC
871,"['6,7-Dithiadodecane']",CCCCCSSCCCCC
872,['1-Chlorododecane'],CCCCCCCCCCCCCl
873,['1-Dodecanol'],CCCCCCCCCCCCO
874,['Dodecanol'],CCCCCCCCCCCCO
875,['1-Dodecanethiol'],CCCCCCCCCCCCS
876,['Tetraethylene pentamine'],C(CNCCNCCNCCN)N
877,['Dihexyl ether'],CCCCCCOCCCCCC
878,['Diethylene glycol monohexyl ether'],CCCCCCOCCOCCO
879,['Tetraethylene glycol'],C(COCCOCCOCCO)O
880,['Methyl stearate'],CCCCCCCCCCCCCCCCCC(=O)OC
881,['Methyl oleate'],CCCCCCCC/C=C\CCCCCCCC(=O)OC
882,['Linoleic acid methyl ester'],CCCCC/C=C\C/C=C\CCCCCCCC(=O)OC
883,['Dodecyl acetate'],CCCCCCCCCCCCOC(=O)C
884,['Dimethylhexadecylamine'],CCCCCCCCCCCCCCCCN(C)C
885,['1-Tridecanol'],CCCCCCCCCCCCCO
886,['1-Bromotetradecane'],CCCCCCCCCCCCCCBr
887,['1-Tetradecanol'],CCCCCCCCCCCCCCO
888,"['Diethylene glycol, dibutyl ether']",None
889,['Myristyldimethyl-amine'],None
890,['trans-9-Octadecenoic acid'],CCCCCCCC/C=C/CCCCCCCC(=O)O
891,['cis-9-Octadecenoic acid'],CCCCCCCC/C=C\CCCCCCCC(=O)O
892,['1-Bromohexadecane'],CCCCCCCCCCCCCCCCBr
893,['Docosanoic acid'],CCCCCCCCCCCCCCCCCCCCCC(=O)O
894,['cis-13-Docosenoic acid'],CCCCCCCC/C=C\CCCCCCCCCCCC(=O)O
895,['1-Octadecene'],CCCCCCCCCCCCCCCCC=C
896,['1-Bromooctadecane'],CCCCCCCCCCCCCCCCCCBr
897,['1-Octadecanol'],CCCCCCCCCCCCCCCCCCO
898,['Icosane'],CCCCCCCCCCCCCCCCCCCC
899,['Octadecyl isocyanate'],CCCCCCCCCCCCCCCCCCN=C=O
900,['Propene'],CC=C
901,['Dimethyl ether'],COC
902,['2-Methylpropene'],CC(=C)C
903,['Tribromo-acetaldehyde'],None
904,['2-Methyl-3-buten-2-ol'],CC(C)(C=C)O
905,['2-Methyl-3-butyne-2-ol'],CC(C)(C#C)O
906,['Ethyltrichlorosilane'],CC[Si](Cl)(Cl)Cl
907,['3-Hydroxy-3-methyl-2-butanone'],CC(=O)C(C)(C)O
908,['Octafluorocyclobutane'],C1(C(C(C1(F)F)(F)F)(F)F)(F)F
909,['Bis(dimethylamide)-fluorophosphoric acid'],None
910,['α-Santalol'],None
911,['Triphenyl phosphate'],C1=CC=C(C=C1)OP(=O)(OC2=CC=CC=C2)OC3=CC=CC=C3
912,['Linalyl acetate'],CC(=CCCC(C)(C=C)OC(=O)C)C
913,['Tris(2-chloroethyl)-phosphate'],C(CCl)OP(=O)(OCCCl)OCCCl
914,"['3,3,5-Trimethyl-cyclohexanol']",CC1CC(CC(C1)(C)C)O
915,['Methyl isopropenyl ether'],CC(=C)OC
916,['Tetrafluoroethylene'],C(=C(F)F)(F)F
917,['Hexafluoropropene'],C(=C(F)F)(C(F)(F)F)F
918,['2-Methylbutanoic acid'],CCC(C)C(=O)O
919,['Methyl dichloroacetate'],COC(=O)C(Cl)Cl
920,['1-Amino-4-hydroxy-anthraquinone'],C1=CC=C2C(=C1)C(=O)C3=C(C=CC(=C3C2=O)O)N
921,['(1-Methylbutyl)-malonic acid diethyl ester'],CCCC(C)C(C(=O)OCC)C(=O)OCC
922,['Bis(2-ethylhexyl) phthalate'],CCCCC(CC)COC(=O)C1=CC=CC=C1C(=O)OCC(CC)CCCC
923,['Dioctyl phthalate'],CCCCCCCCOC(=O)C1=CC=CC=C1C(=O)OCCCCCCCC
924,['2-Hydroxybenzoic acid phenyl ester'],C1=CC=C(C=C1)OC(=O)C2=CC=CC=C2O
925,['Benzyl salicylate'],C1=CC=C(C=C1)COC(=O)C2=CC=CC=C2O
926,['Ethyl salicylate'],CCOC(=O)C1=CC=CC=C1O
927,['Hexachlorobenzene'],C1(=C(C(=C(C(=C1Cl)Cl)Cl)Cl)Cl)Cl
928,"['Tetrachloro-1,4-benzoquinone']",C1(=C(C(=O)C(=C(C1=O)Cl)Cl)Cl)Cl
929,['2’-Hydroxyaceto-phenone'],None
930,['sym-Trinitrotoluene'],CC1=C(C=C(C=C1[N+](=O)[O-])[N+](=O)[O-])[N+](=O)[O-]
931,"['Octyl, decyl phthalate']",None
932,['4-Methyl-2-nitrophenol'],CC1=CC(=C(C=C1)O)[N+](=O)[O-]
933,"['2-Hydroxybenzoic acid, methyl ester']",COC(=O)C1=CC=CC=C1O
934,['Ethyl 2-phenylbutanoate'],CCC(C1=CC=CC=C1)C(=O)OCC
935,['Benzophenone'],C1=CC=C(C=C1)C(=O)C2=CC=CC=C2
936,['Tetrahydro-naphthalene'],None
937,['Isoquinoline'],C1=CC=C2C=NC=CC2=C1
938,"[""2,2'-Biquinoline""]",C1=CC=C2C(=C1)C=CC(=N2)C3=NC4=CC=CC=C4C=C3
939,"['N,N-Bis(2-hydroxy-ethyl)aniline']",None
940,['Anthracene'],C1=CC=C2C=C3C=CC=CC3=CC2=C1
941,"['2,4,5-Trichloro-phenoxyacetic acid pentyl ester']",None
942,['Isobutyl benzoate'],CC(C)COC(=O)C1=CC=CC=C1
943,['Benzyl benzoate'],C1=CC=C(C=C1)COC(=O)C2=CC=CC=C2
944,['Diethylene glycol dibenzoate'],C1=CC=C(C=C1)C(=O)OCCOCCOC(=O)C2=CC=CC=C2
945,"['3,4-Methylene-dioxybenzaldehyde']",C1OC2=C(O1)C=C(C=C2)C=O
946,['Dimethyl terephthalate'],COC(=O)C1=CC=C(C=C1)C(=O)OC
947,"['2-(2,4-Dichlorophenoxy) ethanol']",None
948,['2-Methylbenzothiazol'],None
949,"['1,2-Benzenediol']",C1=CC=C(C(=C1)O)O
950,"['1,2,4-Trichlorobenzene']",C1=CC(=C(C=C1Cl)Cl)Cl
951,"['2,4-Dichlorophenol']",C1=CC(=C(C=C1Cl)Cl)O
952,['Cyclopentanone'],C1CCC(=O)C1
953,['n-Methylpyrrolidine'],CN1CCCC1
954,"['2-(1,1-Dimethylethyl)-4-methoxyphenol']",CC(C)(C)C1=C(C=CC(=C1)OC)O
955,"['2,4-Dinitrotoluene']",CC1=C(C=C(C=C1)[N+](=O)[O-])[N+](=O)[O-]
956,"['α,α,α-Trifluoro-4-chloro-3-nitrotoluene']",None
957,['3-Ethoxy-4-hydroxy benzaldehyde'],CCOC1=C(C=CC(=C1)C=O)O
958,['4-Hydroxy-3-methoxy benzaldehyde'],COC1=C(C=CC(=C1)C=O)O
959,['Trimethyl borate'],B(OC)(OC)OC
960,['Triethylamine'],CCN(CC)CC
961,['Trimethylphosphite'],COP(OC)OC
962,"['Bicyclo[2.2.1]hepta-2,5-diene,(Norbornadiene)']",C1C2C=CC1C=C2
963,"['N,N-Dimethyl-aniline']",CN(C)C1=CC=CC=C1
964,['1-Chloro-3-nitrobenzene'],C1=CC(=CC(=C1)Cl)[N+](=O)[O-]
965,"['O,O-Dimethyl S-[1,2-bis(ethoxycarbonyl)-ethyl]dithiophosphate']",None
966,['3-Nitrobenzoyl chloride'],C1=CC(=CC(=C1)[N+](=O)[O-])C(=O)Cl
967,['4-Methoxybenzoic acid methyl ester'],COC1=CC=C(C=C1)C(=O)OC
968,['p-Acetyltoluene'],CC1=CC=C(C=C1)C(=O)C
969,['4-Chloro benzoyl chloride'],C1=CC(=CC=C1C(=O)Cl)Cl
970,['4-Isopropyl-benzaldehyde'],CC(C)C1=CC=C(C=C1)C=O
971,"[""1,1',1''-Nitrilo tris(2-propanol)""]",None
972,['Diphenylamine'],C1=CC=C(C=C1)NC2=CC=CC=C2
973,['α-Pentyl-cinnamaldehyde'],None
974,['3-Acetoxytoluene'],CC1=CC(=CC=C1)OC(=O)C
975,['Ethyl orthoformate'],CCOC(OCC)OCC
976,['4-Phenyl-3-buten-2-one'],CC(=O)/C=C/C1=CC=CC=C1
977,['Di(2-ethylhexyl)-sebacate'],None
978,['Benzyl propanoate'],CCC(=O)OCC1=CC=CC=C1
979,['3-Acetoxy-1-phenylpropane'],CC(=O)OCCCC1=CC=CC=C1
980,['Phenylacetaldehyde'],C1=CC=C(C=C1)CC=O
981,['Phenyl acetate'],CC(=O)OC1=CC=CC=C1
982,['3-Phenyl-1-propanol'],C1=CC=C(C=C1)CCCO
983,['2-Anilinoethanol'],C1=CC=C(C=C1)NCCO
984,['2-Phenoxy ethanol'],C1=CC=C(C=C1)OCCO
985,['Dodecylbenzene'],CCCCCCCCCCCCC1=CC=CC=C1
986,['Tridecylbenzene'],CCCCCCCCCCCCCC1=CC=CC=C1
987,['3-(Chloromethyl)-heptane'],CCCCC(CC)CCl
988,['4-Ethylphenol'],CCC1=CC=C(C=C1)O
989,['4-Hydroxy-benzaldehyde'],C1=CC(=CC=C1C=O)O
990,['4-Methoxy benzaldehyde'],COC1=CC=C(C=C1)C=O
991,['4-Heptanone'],CCCC(=O)CCC
992,['Vinyl butanoate'],CCCC(=O)OC=C
993,['Diethyl succinate'],CCOC(=O)CCC(=O)OCC
994,['4-Aminophenol'],C1=CC(=CC=C1N)O
995,"['1,4-Benzenediol']",C1=CC(=CC=C1O)O
996,['Glycerol-1-allyl ether'],C=CCOCC(CO)O
997,"['7-Methyl-3-methylene-1,6-octadiene']",CC(=CCCC(=C)C=C)C
998,['Propanal'],CCC=O
999,['N-Methylformamide'],CNC=O
1000,['4-Hydroxy-4-methyl-2-pentanone'],CC(=O)CC(C)(C)O
1001,"['2,2,4-Trimethyl-1-pentanol']",CC(C)CC(C)(C)CO
1002,['3-Methyl-1-butanol'],CC(C)CCO
1003,"['2,4-Pentandione']",CC(=O)CC(=O)C
1004,['Succinimide'],C1CC(=O)NC1=O
1005,['Propinoic anhydride'],None
1006,"['2,4,6-Trimethyl-1,2,5-trioxane']",None
1007,['Ethyl hexanoate'],CCCCCC(=O)OCC
1008,['Butanal'],CCCC=O
1009,['trans-2-Butenal'],C/C=C/C=O
1010,['Pyrrolidine'],C1CCNC1
1011,['4-Oxopentanoic acid'],CC(=O)CCC(=O)O
1012,['Adipic acid dioctyl ester'],None
1013,['Butyl ethanoate'],CCCCOC(=O)C
1014,"['1,4-Dioxane']",C1COCCO1
1015,['Isopentyl acetate'],CC(C)CCOC(=O)C
1016,['Butyl stearate'],CCCCCCCCCCCCCCCCCC(=O)OCCCC
1017,['(2RS)-Octanol'],None
1018,['Nonanedioic acid'],C(CCCC(=O)O)CCCC(=O)O
1019,['N-Nitroso-N-2-propenyl-2-propen-1-amine'],None
1020,['Hexanoic acid'],CCCCCC(=O)O
1021,['Tetradecanoic acid ethyl ester'],CCCCCCCCCCCCCC(=O)OCC
1022,['Octanoic acid'],CCCCCCCC(=O)O
1023,"['1,6-Diaminohexane']",C(CCCN)CCN
1024,['Tetradecanoic acid methyl ester'],CCCCCCCCCCCCCC(=O)OC
1025,['1-Nonene'],CCCCCCCC=C
1026,['Caprylonitrile'],CCCCCCCC#N
1027,['Octanal'],CCCCCCCC=O
1028,['Diethylene glycol monobutyl ether acetate'],CCCCOCCOCCOC(=O)C
1029,['Decane'],CCCCCCCCCC
1030,['Nonanal'],CCCCCCCCC=O
1031,['Dodecylamine'],CCCCCCCCCCCCN
1032,['Tetradecanal'],CCCCCCCCCCCCCC=O
1033,['Dimethyloctadecyl-amine'],None
1034,['Octadecylamine'],CCCCCCCCCCCCCCCCCCN
1035,['Carbon dioxide'],C(=O)=O
1036,['Dimethyl amine'],CNC
1037,['Dibromochloro-methane'],None
1038,['Dichloromethyl-vinylsilane'],C=C[Si]C(Cl)Cl
1039,"['1,2-Dibromo-1,1,2,2-tetrafluoroethane']",C(C(F)(F)Br)(F)(F)Br
1040,['Isobornyl acetate'],CC(=O)O[C@H]1C[C@@H]2CC[C@]1(C2(C)C)C
1041,"['2,2-Dimethyl-1,3-propanediol']",CC(C)(CO)CO
1042,['Cyclotetramethylene sulfone'],C1CCS(=O)(=O)C1
1043,"['O,O,O-Triethyl thiophosphate']",CCOP(=S)(OCC)OCC
1044,['Triisobutyl phosphate'],CC(C)COP(=O)(OCC(C)C)OCC(C)C
1045,['Tributyl phosphate'],CCCCOP(=O)(OCCCC)OCCCC
1046,"['O,O-Diethyl S-[2-(ethylthio)ethyl]-thiophosphate']",CCOP(=O)(OCC)SCCSCC
1047,"['2,2-Diethoxy-propane']",CCOC(C)(C)OCC
1048,['Methacrylonitrile'],CC(=C)C#N
1049,"['2-Chloro-1,3-butadiene']",C=CC(=C)Cl
1050,"['Acetone, oxime']",CC(=NO)C
1051,['Pyruvic acid'],CC(=O)C(=O)O
1052,['Tetrachloroethene'],C(=C(Cl)Cl)(Cl)Cl
1053,"['N,N-Dimethyl-acetamide']",CC(=O)N(C)C
1054,['α-Ionone'],None
1055,['α-Methylionone'],None
1056,['β-Methylionone'],None
1057,['α-Isomethylionone'],None
1058,['(-)-β-Pinene'],None
1059,"['2,6-Di-tert-butyl-4-methyl phenol']",CC1=CC(=C(C(=C1)C(C)(C)C)O)C(C)(C)C
1060,"['2,6-Di-tert-butyl phenol']",CC(C)(C)C1=C(C(=CC=C1)C(C)(C)C)O
1061,['Pyrene'],C1=CC2=C3C(=C1)C=CC4=CC=CC(=C43)C=C2
1062,"['Norborn-5-ene-2,3-dicarboxylic anhydride 2-endo, 3-endo isomere']",None
1063,['Dimethyl phthalate'],COC(=O)C1=CC=CC=C1C(=O)OC
1064,['Bis(1-methylheptyl) phthalate'],CCCCCCC(C)OC(=O)C1=CC=CC=C1C(=O)OC(C)CCCCCC
1065,['Dipropyl phthalate'],CCCOC(=O)C1=CC=CC=C1C(=O)OCCC
1066,['Bis(6-methylheptyl) phthalate'],CC(C)CCCCCOC(=O)C1=CC=CC=C1C(=O)OCCCCCC(C)C
1067,"[""2,2'-Dihydroxy-4-methoxy-benzophenone""]",COC1=CC(=C(C=C1)C(=O)C2=CC=CC=C2O)O
1068,"[""2,2'-Dihydroxy-4,4'-dimethoxy-benzophenone""]",COC1=CC(=C(C=C1)C(=O)C2=C(C=C(C=C2)OC)O)O
1069,"['2,4-Dihydroxy-benzophenone']",C1=CC=C(C=C1)C(=O)C2=C(C=C(C=C2)O)O
1070,['2-Hydroxy-4-methoxy-benzophenone'],COC1=CC(=C(C=C1)C(=O)C2=CC=CC=C2)O
1071,['2-Methyl-benzophenone'],CC1=CC=CC=C1C(=O)C2=CC=CC=C2
1072,"['2-Cyclohexyl-4,6-dinitrophenol']",C1CCC(CC1)C2=C(C(=CC(=C2)[N+](=O)[O-])[N+](=O)[O-])O
1073,"['Dibenzo[b,d]furan']",C1=CC=C2C(=C1)C3=CC=CC=C3O2
1074,['Dibenzothiophene'],C1=CC=C2C(=C1)C3=CC=CC=C3S2
1075,"['Ethylmalonic acid, diethyl ester']",None
1076,['Anthranilic acid methyl ester'],COC(=O)C1=CC=CC=C1N
1077,['1-Naphthylamine'],C1=CC=C2C(=C1)C=CC=C2N
1078,"['N,N-Diethyl-m-toluamide']",CCN(CC)C(=O)C1=CC=CC(=C1)C
1079,['4-Methyl-benzophenone'],CC1=CC=C(C=C1)C(=O)C2=CC=CC=C2
1080,"['1,2-Diethylbenzene']",CCC1=CC=CC=C1CC
1081,['2-Naphthol'],C1=CC=C2C=C(C=CC2=C1)O
1082,['N-Phenyl-2-naphthylamine'],C1=CC=C(C=C1)NC2=CC3=CC=CC=C3C=C2
1083,['1-Methylpropylbenzene'],None
1084,['Butyl benzoate'],CCCCOC(=O)C1=CC=CC=C1
1085,"['1,4-Dihydroxy-4-hexyl benzene']",None
1086,"['Cyanoacrylic acid, methyl ester']",None
1087,['2-Methylbenzenethiol'],CC1=CC=CC=C1S
1088,['Bis(dimethyldithio-carbamate)copper'],None
1089,['2-Methyl-1-butanol'],CCC(C)CO
1090,['2-Hydroxypropionic acid butyl ester'],None
1091,['Diphenyl sulfide'],C1=CC=C(C=C1)SC2=CC=CC=C2
1092,['Acetylricinoleic acid butyl ester'],None
1093,['(E)-Cinnamic acid'],C1=CC=C(C=C1)/C=C/C(=O)O
1094,['Benzyl acetate'],CC(=O)OCC1=CC=CC=C1
1095,['Dibenzyl sebacate'],C1=CC=C(C=C1)COC(=O)CCCCCCCCC(=O)OCC2=CC=CC=C2
1096,['Dodecanoic acid phenylmethyl ester'],None
1097,['Phenyl acetonitrile'],C1=CC=C(C=C1)CC#N
1098,['1-(2-Aminoethyl) piperazine'],C1CN(CCN1)CCN
1099,['4-Tolyl acetate'],CC1=CC=C(C=C1)OC(=O)C
1100,"['4-(1,1,3,3-Tetramethylbutyl)phenol']",CC(C)(C)CC(C)(C)C1=CC=C(C=C1)O
1101,['4-Allylanisol'],COC1=CC=C(C=C1)CC=C
1102,['9N 2-Methyl-5-vinylpyridine'],None
1103,['Ethyl acrylate'],CCOC(=O)C=C
1104,['Dibutyl succinate'],CCCCOC(=O)CCC(=O)OCCCC
1105,['Diethyl malate'],CCOC(=O)CC(C(=O)OCC)O
1106,['Sebacic acid bis(2-butoxyethyl) ester'],None
1107,"['3,7-Dimethyl-2,6-octadienal']",CC(=CCC/C(=C/C=O)/C)C
1108,['Diethyl adipate'],CCOC(=O)CCCCC(=O)OCC
1109,['Butyl acrylate'],CCCCOC(=O)C=C
1110,['2-Aminoethanol'],C(CO)N
1111,['Decamethyl-tetrasiloxane'],None
1112,['Dodecamethylpentasiloxane'],C[Si](C)(C)O[Si](C)(C)O[Si](C)(C)O[Si](C)(C)O[Si](C)(C)C
1113,['4-Methoxy-4-methyl-2-pentanol'],CC(CC(C)(C)OC)O
1114,['Ethyl ethanoate'],CCOC(=O)C
1115,['4-Methyl-3-penten-2-one'],CC(=CC(=O)C)C
1116,['Propanedioic acid'],C(C(=O)O)C(=O)O
1117,"['1,3-Diethylbenzene']",CCC1=CC(=CC=C1)CC
1118,['Ethyl acetoacetate'],CCOC(=O)CC(=O)C
1119,['Hexyl methacrylate'],CCCCCCOC(=O)C(=C)C
1120,"['1,3-Dichloropropane']",C(CCl)CCl
1121,['Cyclopentene'],C1CC=CC1
1122,['Hexanoic acid'],CCCCCC(=O)O
1123,['Tetrahydropyran'],C1CCOCC1
1124,['Butyl oleate'],CCCCCCCC/C=C\CCCCCCCC(=O)OCCCC
1125,['Heptane'],CCCCCCC
1126,['15N Dipropylamine'],None
1127,['Isopropyl palmitate'],CCCCCCCCCCCCCCCC(=O)OC(C)C
1128,['Hexyl acetate'],CCCCCCOC(=O)C
1129,['Dibutyl ether'],CCCCOCCCC
1130,['Dodecanoic acid'],CCCCCCCCCCCC(=O)O
1131,['1-Nonanol'],CCCCCCCCCO
1132,['1-Decanethiol'],CCCCCCCCCCS
1133,['Nonyl acetate'],CCCCCCCCCOC(=O)C
1134,['1-Bromododecane'],CCCCCCCCCCCCBr
1135,['Dihexylamine'],CCCCCCNCCCCCC
1136,['Tetraethylene glycol dimethyl ether'],COCCOCCOCCOCCOC
1137,['Hexadecyl amine'],CCCCCCCCCCCCCCCCN
1138,"['2,2,4-Trimethyl-1,3-pentanediol']",CC(C)C(C(C)(C)CO)O
1139,['Linalyl propionate'],CCC(=O)OC(C)(CCC=C(C)C)C=C
1140,['Fluoroethanoic acid'],C(C(=O)O)F
1141,['Erythritol'],C([C@H]([C@H](CO)O)O)O
1142,['2-Ethyl hexanoic acid'],CCCCC(CC)C(=O)O
1143,['Methyl orthoformate'],COC(OC)OC
1144,['Dichloromethylphenylsilane'],C[Si](C1=CC=CC=C1)(Cl)Cl
1145,['3-Methoxyphenol'],COC1=CC=CC(=C1)O
1146,['Triethyl borate'],B(OCC)(OCC)OCC
1147,['4-Methoxyphenol'],COC1=CC=C(C=C1)O
1148,"['N,N,N’,N’-Tetra-ethylethylendiamine']",None
1149,['Citronellyl acetate'],CC(CCC=C(C)C)CCOC(=O)C
1150,"['1,3-Dimethoxy-benzene']",COC1=CC(=CC=C1)OC
1151,['Ethylene imine'],C1CN1
1152,"['1-Bromo-1-chloro-2,2,2-trifluoroethane']",C(C(F)(F)F)(Cl)Br
1153,['4-Ethoxy-benzenamine'],None
1154,"['cis-1,2-Dichloroethylene']",C(=C\Cl)\Cl
1155,"['trans-1,2-Dichloroethylene']",C(=C/Cl)\Cl
1156,['Spiro[2.2]pentane'],C1CC12CC2
1157,['Spiro[4.5]decane'],C1CCC2(CC1)CCCC2
1158,['Spiro[5.5]undecane'],C1CCC2(CC1)CCCCC2
1159,['Spiro[5.6]dodecane'],C1CCCC2(CC1)CCCCC2
1160,['Bicyclo[2.1.0]pentane'],C1CC2C1C2
1161,"['Tricyclo[4.1.0.0(2,4)]heptane']",None
1162,['Hexachloropropene'],C(=C(Cl)Cl)(C(Cl)(Cl)Cl)Cl
1163,['Fluoranthene'],C1=CC=C2C(=C1)C3=CC=CC4=C3C2=CC=C4
1164,['Triphenylene'],C1=CC=C2C(=C1)C3=CC=CC=C3C4=CC=CC=C24
1165,"['Pyrido[3,2-f][1,7]-phenanthroline']",None
1166,"['Pyrido[2,3-f][1,7]-phenanthroline']",None
1167,"['7,8-Benzoquinoline']",C1=CC=C2C(=C1)C=CC3=C2N=CC=C3
1168,"['Tricyclo[3.3.0.0(2,6)]octane']",None
1169,['Biphenylene'],C1=CC=C2C(=C1)C3=CC=CC=C23
1170,['Acridine'],C1=CC=C2C(=C1)C=C3C=CC=CC3=N2
1171,"['2,3-Benzofuran']",C1=CC=C2C(=C1)C=CO2
1172,"['1,3-Benzodioxol']",None
1173,['Azulene'],C1=CC=C2C=CC=C2C=C1
1174,"['Tetracyclo[3.2.0.0-(2,7).0(4,6)]-heptane, (Quadricyclane)']",None
1175,"['Tricyclo[2, 2, 1, 0] heptane']",None
1176,"['7,8,9-Trioxabicyclo-[4.2.1]nonane']",C1CCC2OC(C1)OO2
1177,['cis-Bicyclo[3.1.0]hexane'],C1C[C@@H]2C[C@@H]2C1
1178,"['(+,-)-Bicyclo[4.1.0]heptane']",None
1179,['Cyclobutane'],C1CCC1
1180,['Thiacyclobutane'],C1CSC1
1181,['Cyclopentane'],C1CCCC1
1182,['Selenophene'],C1=C[Se]C=C1
1183,['Oxazole'],C1=COC=N1
1184,['Thiazole'],C1=CSC=N1
1185,['Ethylene ozonide'],C1OCOO1
1186,['Cycloheptane'],C1CCCCCC1
1187,['Cyclooctane'],C1CCCCCCC1
1188,['Cyclododecane'],C1CCCCCCCCCCC1
1189,['Cyclododecane'],C1CCCCCCCCCCC1
1190,"['O,O-Diethyl-S-[(ethylthio)methyl]-dithiophosphate']",None
1191,"['O,O-Diethyl O-[2-(ethylthio)ethyl]-thiophosphate']",CCOP(=S)(OCC)OCCSCC
1192,"['O,O-Diethyl O-[2-(ethylthio)ethyl]-dithiophosphate']",None
1193,['2-Propenylbenzene'],C=CCC1=CC=CC=C1
1194,['1-Phenyl-2-propylamine'],CC(CC1=CC=CC=C1)N
1195,['Linolenic acid methyl ester'],CC/C=C\C/C=C\C/C=C\CCCCCCCC(=O)OC
1196,['Hydrazine'],NN
1197,['Chloral hydrate'],C(C(Cl)(Cl)Cl)(O)O
1198,"['1,1-Dichloro-2,2,2-trifluoroethane']",C(C(F)(F)F)(Cl)Cl
1199,"['2,2,3,3,4,4,5,5,6,6,7,7,8,8,8-Pentadecafluoro-1-octanol']",C(C(C(C(C(C(C(C(F)(F)F)(F)F)(F)F)(F)F)(F)F)(F)F)(F)F)O
1200,['Perfluorooctane'],C(C(C(C(C(F)(F)F)(F)F)(F)F)(F)F)(C(C(C(F)(F)F)(F)F)(F)F)(F)F
1201,['Docosafluorodecane'],C(C(C(C(C(C(F)(F)F)(F)F)(F)F)(F)F)(F)F)(C(C(C(C(F)(F)F)(F)F)(F)F)(F)F)(F)F
1202,"['1H,8H-Hexadecafluorooctane']",C(C(C(C(C(C(C(C(F)F)(F)F)(F)F)(F)F)(F)F)(F)F)(F)F)(F)F
1203,['Bis(nonafluoro-butyl) ether'],None
1204,"['(1,1-Dichloro-2,2,2-trifluoroethyl)benzene']",C1=CC=C(C=C1)C(C(F)(F)F)(Cl)Cl
1205,"['1,1-Dichloro-1-(3-chlorophenyl)2,2,2-trifluoroethane']",None
1206,"['Ethyl 1,1,2-trifluoro-2-chlorethyl ether']",None
1207,"['O,O-Diethyl O-(4-nitrophenyl)-phosphate']",None
1208,"['N,N-bis(nonafluoro-butyl)-nonafluoro-1-butanamine']",None
1209,['Difluorodiphenyl-silane'],None
1210,['α-Hexachloro-cyclohexane'],None
1211,['δ-Hexachloro-cyclohexane'],None
1212,"['1,3,5-Trichloro-2,4,6-trifluorobenzene']",C1(=C(C(=C(C(=C1Cl)F)Cl)F)Cl)F
1213,['Trifluoromethyl-3-chlorophenyl ketone'],None
1214,"['4-Chloro-1,3-bis(trifluoromethyl)-benzene']",None
1215,['Difluoromethylphenylsilane'],C1=CC=C(C=C1)[SiH2]C(F)F
1216,"['5-Chloro-1,3-bis(trifluormethyl)-benzene']",C1=C(C=C(C=C1C(F)(F)F)Cl)C(F)(F)F
1217,"['1,1-Dichloro-1-(3,4-dichlorophenyl)-2,2,2-trifluoroethane']",None
1218,"['1,2-Dichloro-4-(trifluoromethyl)-benzene']",None
1219,['Methyl trifluoromethane-sulfinate'],COS(=O)C(F)(F)F
1220,"['O,O-Diethyl O-(2-isopropyl-6-methyl-4-pyrimidinyl)thio-phosphate']",CCOP(=S)(OCC)OC1=NC(=NC(=C1)C)C(C)C
1221,"['(+,-)-Hexadecylindane']",CCCCCCCCCCCCCCCCC1CCC2=CC=CC=C12
1222,['Decanoic acid'],CCCCCCCCCC(=O)O
1223,['1-Fluorodecane'],CCCCCCCCCCF
1224,['1-Fluorododecane'],CCCCCCCCCCCCF
1225,['Trifluoronitroso-methane'],C(N=O)(F)(F)F
1226,['Pentafluoro-methanamine'],None
1227,['Trifluoronitro-methane'],None
1228,['Trifluoromethane sulfonyl fluoride'],C(F)(F)(F)S(=O)(=O)F
1229,['Perfluoroethyl-cyclohexane'],C1(C(C(C(C(C1(F)F)(F)F)(F)F)(F)F)(F)F)(C(C(F)(F)F)(F)F)F
1230,"['Perfluoro-1,3-dimethylcyclohexane']",C1(C(C(C(C(C1(F)F)(F)F)(F)F)(C(F)(F)F)F)(F)F)(C(F)(F)F)F
1231,['Perfluoro-(2-butyltetrahydro-furan)'],None
1232,"['2,2,3-Trichloro-heptafluorobutane']",C(C(C(F)(F)F)(Cl)Cl)(C(F)(F)F)(F)Cl
1233,"['1,4-Dibromo-octafluorobutane']",None
1234,['Perfluoroheptane'],C(C(C(C(F)(F)F)(F)F)(F)F)(C(C(C(F)(F)F)(F)F)(F)F)(F)F
1235,"['3,5,7,9,10-Pentachloro-2,2,3,4,4,5,6,6,7,8,8,9,10,10-tetradecafluoro-decanoic acid']",C(=O)(C(C(C(C(C(C(C(C(C(F)(F)Cl)(F)Cl)(F)F)(F)Cl)(F)F)(F)Cl)(F)F)(F)Cl)(F)F)O
1236,"['2,2,3,3,4,4,5,5,6,6,7,7-Dodecafluoro-1-heptanol']",C(C(C(C(C(C(C(F)F)(F)F)(F)F)(F)F)(F)F)(F)F)O
1237,"['2-Chloro-1,1-difluoroethane']",C(C(F)F)Cl
1238,['Perfluoro(diethyl-propyl amine)'],None
1239,['Tris(heptafluoro-propyl)amine'],None
1240,['Bromoperfluoro-benzene'],C1(=C(C(=C(C(=C1F)F)Br)F)F)F
1241,['Chloropentafluoro-benzene'],None
1242,['(Fluoromethyl)-benzene'],None
1243,"['1,3-Difluorobenzene']",C1=CC(=CC(=C1)F)F
1244,"['4-Fluorothiobutyric acid, S-methyl ester']",CSC(=O)CCCF
1245,['4-Fluorotoluene'],CC1=CC=C(C=C1)F
1246,['3-Fluorotoluene'],CC1=CC(=CC=C1)F
1247,['3-Thiapentane'],CCSCC
1248,['Fluoroethane'],CCF
1249,['Dimethyl ether-boron trifluoride(1:1)-complex'],None
1250,['Dimethyl sulfide-boron trifluoride(1:1)-complex'],None
1251,['Carbonic chloride fluoride'],C(=O)(F)Cl
1252,['Carbonyl fluoride'],C(=O)(F)F
1253,['Tribromofluoro-methane'],None
1254,['Dibromochlorofluoromethane'],C(F)(Cl)(Br)Br
1255,['Bromodichloro-fluoromethane'],C(F)(Cl)(Cl)Br
1256,['Bromochloro-difluoromethane'],None
1257,['2-Fluoro-2-methylpropane'],CC(C)(C)F
1258,"['2,2-Difluorobutane']",CCC(C)(F)F
1259,['Trifluoroacetonitrile'],C(#N)C(F)(F)F
1260,['Trifluoroethylsilane'],CC[Si](F)(F)F
1261,['Dibromofluoro-acetic acid'],None
1262,"['1,2-Dibromotrifluoro-ethane']",None
1263,"['1-Bromo-2-chloro-1,1,2-trifluoroethane']",C(C(F)(F)Br)(F)Cl
1264,"['1,1,1,2-Tetrachloro-2-fluoroethane']",C(C(Cl)(Cl)Cl)(F)Cl
1265,"['1,1,1-Trichloro-2,2-difluoroethane']",C(C(Cl)(Cl)Cl)(F)F
1266,"['1,1,2,2-Tetrachloro-1-fluoroethane']",C(C(F)(Cl)Cl)(Cl)Cl
1267,"['1,1,2-Trichloro-1,2-difluoroethane']",C(C(F)(Cl)Cl)(F)Cl
1268,['Dichlorofluoro-acetyl fluoride'],None
1269,"['2-Bromo-1-chloro-1,1,2-trifluoroethane']",C(C(F)(F)Cl)(F)Br
1270,"['1,2,2-Trichloro-1,1-difluoroethane']",C(C(F)(F)Cl)(Cl)Cl
1271,"['1-Chloro-1,1,2,2-tetrafluoroethane']",C(C(F)(F)Cl)(F)F
1272,"['1,1-Dibromo-2,2,2-trifluoroethane']",C(C(F)(F)F)(Br)Br
1273,['Trifluoroacetyl bromide'],C(=O)(C(F)(F)F)Br
1274,['Trifluoroacetyl chloride'],C(=O)(C(F)(F)F)Cl
1275,['Pentafluoroethane'],C(C(F)(F)F)(F)F
1276,['Trifluoroacetyl fluoride'],C(=O)(C(F)(F)F)F
1277,['Trifluoroacetamide'],C(=O)(C(F)(F)F)N
1278,"['1,1,1-Tribromo-2,2,2-trifluoroethane']",C(C(Br)(Br)Br)(F)(F)F
1279,"['1,2-Dibromochlorotrifluoroethane']",C(C(F)(Cl)Br)(F)(F)Br
1280,['Bromopentafluoroethane'],C(C(F)(F)Br)(F)(F)F
1281,['Pentachlorofluoroethane'],C(C(Cl)(Cl)Cl)(F)(Cl)Cl
1282,"['1,1,1-Trichloro-2,2,2-trifluoroethane']",C(C(Cl)(Cl)Cl)(F)(F)F
1283,['Pentafluoroiodoethane'],C(C(F)(F)I)(F)(F)F
1284,['Pentafluoronitroso ethane'],C(C(F)(F)F)(N=O)(F)F
1285,['Perfluoroethanamine'],C(C(F)(F)F)(N(F)F)(F)F
1286,"['Perfluoro-2,3-dimethylbutane']",C(C(C(F)(F)F)(C(F)(F)F)F)(C(F)(F)F)(C(F)(F)F)F
1287,['Perfluoromethyl-cyclohexane'],None
1288,['Perfluoro-2-methylpentane'],C(C(C(C(F)(F)F)(F)F)(F)F)(C(F)(F)F)(C(F)(F)F)F
1289,['Decafluorobutane'],C(C(C(F)(F)F)(F)F)(C(F)(F)F)(F)F
1290,['Perfluorohexane'],C(C(C(C(F)(F)F)(F)F)(F)F)(C(C(F)(F)F)(F)F)(F)F
1291,['Perfluorocyclohexane'],C1(C(C(C(C(C1(F)F)(F)F)(F)F)(F)F)(F)F)(F)F
1292,"['1,1,2,2-Tetrafluoro-1,2-dinitro ethane']",None
1293,['Bis(perfluoro-propyl) ether'],C(C(OC(C(C(F)(F)F)(F)F)(F)F)(F)F)(C(F)(F)F)(F)F
1294,"['(+,-)-1,3,4,4-Tetrachloro-1,2,3,4-tetrafluoro-1-butene']",C(=C(F)Cl)(C(C(F)(Cl)Cl)(F)Cl)F
1295,['Octafluoro-1-butene'],C(=C(F)F)(C(C(F)(F)F)(F)F)F
1296,"['3,3-Difluoropentane']",CCC(CC)(F)F
1297,['Diethyldifluorosilane'],CC[Si](CC)(F)F
1298,['Fluorotriethylsilane'],CC[Si](CC)(CC)F
1299,['Triethoxyfluorosilane'],CCO[Si](OCC)(OCC)F
1300,['2-Fluorobutane'],CCC(C)F
1301,['Fluoroacetyl chloride'],C(C(=O)Cl)F
1302,"['1-Chloro-2,2-difluoroethylene']",None
1303,['Chloroacetyl fluoride'],C(C(=O)F)Cl
1304,"['1,1,2,2-Tetrafluoroethane']",C(C(F)F)(F)F
1305,['Oxalyl difluoride'],C(=O)(C(=O)F)F
1306,['Chlorobis(trifluoromethyl)arsine'],C(F)(F)(F)[As](C(F)(F)F)Cl
1307,['Heptafluorodi-methyl amine'],None
1308,"['2,2,4,4,5,5-Hexafluoro-3-(trifluoromethyl) oxazolidine']",C1(C(OC(N1C(F)(F)F)(F)F)(F)F)(F)F
1309,['Perfluorotriethyl-amine'],None
1310,"['O-Nitroso-N,N-bis(trifluoromethyl) hydroxylamine']",None
1311,['Pentafluorobenzene'],C1=C(C(=C(C(=C1F)F)F)F)F
1312,['2-Fluorophenol'],C1=CC=C(C(=C1)O)F
1313,"['Fluoroselenoacetic acid, Se-methyl ester']",None
1314,"['N-Nitroso-O,N-bis(trifluoromethyl)-hydroxylamine']",None
1315,['Butyl trifluoroacetate'],CCCCOC(=O)C(F)(F)F
1316,['Phenyltrifluorosilane'],C1=CC=C(C=C1)[Si](F)(F)F
1317,['4-Fluorophenol'],C1=CC(=CC=C1O)F
1318,['Hexafluoroazoxy-methane'],C(N=[N+](C(F)(F)F)[O-])(F)(F)F
1319,['2-Fluoroethanol'],C(CF)O
1320,"['2,2-Difluoropentane']",CCCC(C)(F)F
1321,['Ethyl fluorosulfonate'],CCOS(=O)(=O)F
1322,['Bis(trifluoromethyl)-arsine'],None
1323,['Bis(trifluoromethyl) amine'],None
1324,"[""N,N'-Diisopropyl-phosphorodiamidic fluoride, mipafox""]",CC(C)NP(=O)(NC(C)C)F
1325,['Butyltrifluorosilane'],None
1326,['3-Fluorophenol'],C1=CC(=CC(=C1)F)O
1327,"['1,3,5-Trifluorobenzene']",C1=C(C=C(C=C1F)F)F
1328,['Fluorocyclohexane'],C1CCC(CC1)F
1329,['Hexafluoroazo methane'],None
1330,"['1,4-Difluorobutane']",C(CCF)CF
1331,['4-Fluoro-1-butanol'],C(CCF)CO
1332,['6-Fluorohexanoic acid'],C(CCC(=O)O)CCF
1333,['1-Fluorohexane'],CCCCCCF
1334,['Bis(2-fluoroethoxy)-methane'],C(CF)OCOCCF
1335,['Bromofluoromethane'],C(F)Br
1336,['Chlorofluoro-methylsilane'],None
1337,['Trifluoromethylsilane'],None
1338,['Pentafluoro(trifluoro-methyl)sulfur'],None
1339,['Trifluoromethyl hypofluorite'],C(OF)(F)(F)F
1340,"['1,1,1-Trifluoro-2-propanol']",CC(C(F)(F)F)O
1341,"['1,1-Dichloro-1,2,2,2-tetrafluoroethane']",C(C(F)(Cl)Cl)(F)(F)F
1342,['Perfluoro(propyl-cyclohexane)'],C1(C(C(C(C(C1(F)F)(F)F)(F)F)(F)F)(F)F)(C(C(C(F)(F)F)(F)F)(F)F)F
1343,"['2,2,3,3,4,4,4-Heptafluorobutanol']",C(C(C(C(F)(F)F)(F)F)(F)F)O
1344,"['3,4-Dichloro-2,2,3,4,4-pentafluorobutanoic acid']",C(=O)(C(C(C(F)(F)Cl)(F)Cl)(F)F)O
1345,['Heptafluoro-butanoic acid'],None
1346,['1-H-Pentadecafluoro-heptane'],C(C(C(C(C(C(C(F)(F)F)(F)F)(F)F)(F)F)(F)F)(F)F)(F)F
1347,['Perfluorononane'],C(C(C(C(C(F)(F)F)(F)F)(F)F)(F)F)(C(C(C(C(F)(F)F)(F)F)(F)F)(F)F)(F)F
1348,['Nonafluoro-cyclopentane'],C1(C(C(C(C1(F)F)(F)F)(F)F)(F)F)F
1349,['Perfluorocyclopentane'],C1(C(C(C(C1(F)F)(F)F)(F)F)(F)F)(F)F
1350,['Perfluoro[N-propyl-(methyleneamine)]'],None
1351,"['Propyl(1,1,2-trifluoro-2-chloroethyl)ether']",None
1352,['Bis(2-fluoroethyl)-sulfate'],C(CF)OS(=O)(=O)OCCF
1353,"['Perfluoro-2-(tetrafluoro-2-nitroethyl)-1,2-oxazetidine']",None
1354,['Ethyl trifluoroacetate'],CCOC(=O)C(F)(F)F
1355,"['Trifluorothioacetic acid, S-ethyl ester']",None
1356,"['Glycine, N-(trifluoroacetyl), methyl ester']",None
1357,"['1,1,1,3,3-Pentafluoro-3-nitro2-propanone']",C(=O)(C([N+](=O)[O-])(F)F)C(F)(F)F
1358,['Hexafluorobenzene'],C1(=C(C(=C(C(=C1F)F)F)F)F)F
1359,['Bromopentafluoro-benzene'],C1(=C(C(=C(C(=C1F)F)Br)F)F)F
1360,['(Trifluoromethyl)-p-tolyl ketone'],CC1=CC=C(C=C1)C(=O)C(F)(F)F
1361,['1-(Trifluoromethyl)-3-fluorobenzene'],C1=CC(=CC(=C1)F)C(F)(F)F
1362,"['1,3-Bis(trifluoromethyl)-benzene']",C1=CC(=CC(=C1)C(F)(F)F)C(F)(F)F
1363,['1-(Trifluoromethyl)-4-fluorobenzene'],C1=CC(=CC=C1C(F)(F)F)F
1364,"['Fluoroacetic acid, 1-methylethyl ester']",CC(C)OC(=O)CF
1365,"['2-Fluoroethanol, carbonate(2:1)']",None
1366,"['Fluoroacetic acid, 2-propenyl ester']",C=CCOC(=O)CF
1367,['Fluoroxene'],None
1368,['Trifluoroacetic acid anhydride'],C(=O)(C(F)(F)F)OC(=O)C(F)(F)F
1369,"['2,2,2-Trifluoroethyl trifluoroacetate']",C(C(F)(F)F)OC(=O)C(F)(F)F
1370,"['1,1,4,4-Tetrafluoro-1,3-butadiene']",C(=C(F)F)C=C(F)F
1371,['4-Fluorobutyronitrile'],C(CC#N)CF
1372,"['1,1-Difluoroheptane']",CCCCCCC(F)F
1373,['1-Fluorohexadecane'],CCCCCCCCCCCCCCCCF
1374,['Cyanamide'],C(#N)N
1375,['Cyanic acid'],C(#N)O
1376,['Thiacyclopropane'],C1CS1
1377,['Trimethylamine-boron trifluoride(1:1)-complex'],None
1378,['Difluoromethylarsine'],C(F)(F)[As]
1379,['2-Fluoropropane'],CC(C)F
1380,['Thiocarbonyl fluoride'],C(=S)(F)F
1381,['Difluoromethylsilane'],None
1382,"['2,2-Difluoropropane']",CC(C)(F)F
1383,"['1,1,1-Trifluoroethane']",CC(F)(F)F
1384,['Dichlorofluoroiodo-methane'],C(F)(Cl)(Cl)I
1385,['Fluorotrimethylsilane'],C[Si](C)(C)F
1386,['Dichlorofluoro-methylsilane'],C[Si](F)(Cl)Cl
1387,['(Difluoromethyl)-sulfur pentafluoride'],C(F)(F)S(F)(F)(F)(F)F
1388,"['2-Bromo-1-chloro-1,1-difluoroethane']",C(C(F)(F)Cl)Br
1389,"['1-Bromo-2,2,2-trifluoroethane']",C(C(F)(F)F)Br
1390,"['1,1,1-Trifluoropropane']",CCC(F)(F)F
1391,['Methyl(trifluoro-methyl) ether'],None
1392,['Trifluoromethane-sulfenyl chloride'],C(F)(F)(F)SCl
1393,['Dichloroethylfluoro-silane'],None
1394,['Dichloro(trifluoro-methyl)arsine'],None
1395,"['1,2-Dibromo-1,2-dichlorofluoroethane']",C(C(F)(Cl)Br)(Cl)Br
1396,"['1,2-Dibromo-1,1-difluoroethane']",C(C(F)(F)Br)Br
1397,"['2-Chloro-1,1,1-trifluoroethane']",C(C(F)(F)F)Cl
1398,"['1,1,1,2-Tetrafluoropropane']",CC(C(F)(F)F)F
1399,"['1,2-Dibromo-1,2-dichlorodifluoroethane']",C(C(F)(Cl)Br)(F)(Cl)Br
1400,"['2,2,3,3,3-Pentafluoropropanol']",C(C(C(F)(F)F)(F)F)O
1401,['Tris(trifluoromethyl)-phosphine'],C(F)(F)(F)P(C(F)(F)F)C(F)(F)F
1402,['Heptafluoro-1-nitrosopropane'],C(C(N=O)(F)F)(C(F)(F)F)(F)F
1403,['Heptafluoro-1-nitropropane'],None
1404,"['Trichloromethyl 2,2-dichloro-1,1,2-trifluoroethyl ether']",C(C(F)(Cl)Cl)(OC(Cl)(Cl)Cl)(F)F
1405,"['(Chloromethyl)(2-chloro-1,1,2-trifluoroethyl) ether']",None
1406,['Ethyldifluoroarsine'],CC[As](F)F
1407,['2-Fluoro-1-butene'],CCC(=C)F
1408,['2-Bromo-2-chloro-1-fluoroethane'],C(C(Cl)Br)F
1409,"['1,2-Dichloro-1-fluoroethane']",C(C(F)Cl)Cl
1410,"['1,1-Difluoropropane']",CCC(F)F
1411,"['1,1,2-Trifluoroethane']",C(C(F)F)F
1412,"['1-Bromo-1,2-dichloro-2-fluoroethane']",C(C(Cl)Br)(F)Cl
1413,['Butandione'],None
1414,['Tris(trifluoromethyl)-arsine'],None
1415,['Tris(trifluoromethyl)-amine'],None
1416,"['1,4-Bis(trifluoromethyl)-benzene']",C1=CC(=CC=C1C(F)(F)F)C(F)(F)F
1417,['N-[N-(Trifluoro-acetyl)glycyl]glycine methyl ester'],COC(=O)CNC(=O)CNC(=O)C(F)(F)F
1418,['Methyl difluoroacetate'],COC(=O)C(F)F
1419,"['2,2,2-Trifluoro-1-phenyl ethanoate']",None
1420,['Octafluorotoluene'],C1(=C(C(=C(C(=C1F)F)F)F)F)C(F)(F)F
1421,['5-Fluoro-2-nitrophenol'],C1=CC(=C(C=C1F)O)[N+](=O)[O-]
1422,['(Fluoroacetyl)benzene'],C1=CC=C(C=C1)C(=O)CF
1423,['Benzyl phenyl ketone'],C1=CC=C(C=C1)CC(=O)C2=CC=CC=C2
1424,"['3,4-Dihydroxy-toluene']",None
1425,['1-Chloro-3-fluoro-2-propanol'],C(C(CCl)O)F
1426,['Methyl fluoroacetate'],COC(=O)CF
1427,['Fluorodimethylphenylsilane'],C[Si](C)(C1=CC=CC=C1)F
1428,['3-Fluorobenzoic acid'],C1=CC(=CC(=C1)F)C(=O)O
1429,['Fluoroacetyliso-thiocyanate'],C(C(=O)N=C=S)F
1430,['Ethyl fluoroacetate'],CCOC(=O)CF
1431,"['Fluoroacetic acid, 2-fluoroethyl ester']",None
1432,"['Butadiyne, Diacetylene']",None
1433,['1-Fluoropropane'],CCCF
1434,['Cyanogene'],C(#N)C#N
1435,"['1,1,1-Trifluorobutane']",CCCC(F)(F)F
1436,"['1-Chloro-3,3,3-trifluoropropane']",C(CCl)C(F)(F)F
1437,"['1,1,1,3-Tetrafluoropropane']",C(CF)C(F)(F)F
1438,['Trifluoromethyl isocyanate'],C(=NC(F)(F)F)=O
1439,"['1,1-Dichloro-3,3,3-trifluoropropane']",C(C(Cl)Cl)C(F)(F)F
1440,"['1,1,1,3-Tetrafluoro-2-iodopropane']",C(C(C(F)(F)F)I)F
1441,['Fluorobenzene'],C1=CC=C(C=C1)F
1442,['Carbonochloridic acid 2-fluoroethyl ester'],None
1443,"['Ethanethioic acid, S-(2-fluoroethyl)ester']",None
1444,"['1,2-Bis(trifluoromethyl)-diphosphine']",None
1445,['Diethoxymethane'],CCOCOCC
1446,['1-Fluorooctane'],CCCCCCCCF
1447,['1-Fluorononane'],CCCCCCCCCF
1448,['Propadiene'],C=C=C
1449,['Ethenone'],C=C=O
1450,['Hydrogen thiocyanate'],C(#N)S
1451,['Carbonyl sulfide'],C(=O)=S
1452,"['2,2-Dimethylpropane']",CC(C)(C)C
1453,"['2,2,3-Trimethylbutane']",CC(C)C(C)(C)C
1454,"['3,3-Dimethyl-2-butanol']",CC(C(C)(C)C)O
1455,['Bis(undecafluoro-pentyl) ether'],None
1456,['D-Camphor'],C[C@@]12CC[C@@H](C1(C)C)CC2=O
1457,"['1,3,3-Trimethyl-2-oxabicyclo[2.2.2]-octane']",None
1458,['(+)-3-Thujone'],C[C@H]1[C@H]2C[C@]2(CC1=O)C(C)C
1459,"['1,1-Dichloro-2,2-difluoroethane']",C(C(Cl)Cl)(F)F
1460,"['Isocamphane, (2,2,3-Trimethyl-bicyclo[2.2.1]heptane)']",None
1461,['5-α-Cholestane'],None
1462,['1-Methyl-7-isopropylphenathrene'],CC1=C2C=CC3=C(C2=CC=C1)C=CC(=C3)C(C)C
1463,['9-Fluorenone'],C1=CC=C2C(=C1)C3=CC=CC=C3C2=O
1464,['α-β-Dibromo-succinic acid anhydride'],None
1465,"['1,2,3,4-Tetramethylbenzene']",CC1=C(C(=C(C=C1)C)C)C
1466,"['1,3-Dihydroxy-2,5-dimethyl benzene']",CC1=CC(=C(C(=C1)O)C)O
1467,['Gualol'],None
1468,"['p-Menthan-2,3-dione']",None
1469,['4-Methylquinoline'],CC1=CC=NC2=CC=CC=C12
1470,['cis-Decahydro-naphthalene'],None
1471,['trans-Decahydro-naphthalene'],None
1472,"['3,4-Dihydro-1H-2-benzopyrane']",C1COCC2=CC=CC=C21
1473,"['Benzo[e]-2,3-dihydropyrane']",None
1474,"['1,4-Benzodioxane']",C1COC2=CC=CC=C2O1
1475,"['2,4,6-Triphenyl-1,3,5-triazine']",C1=CC=C(C=C1)C2=NC(=NC(=N2)C3=CC=CC=C3)C4=CC=CC=C4
1476,['Indan'],C1CC2=CC=CC=C2C1
1477,"['2,4-Dihydroxy-toluene']",CC1=C(C=C(C=C1)O)O
1478,"['2,4,5-Trimethylphenol']",CC1=CC(=C(C=C1C)O)C
1479,['(E)-2-Methyl-2-butenal'],C/C=C(\C)/C=O
1480,"['2,4-Di-tert-butyl-5-methyl phenol']",None
1481,['Bicyclo[2.2.1]hept-2-ene'],C1CC2CC1C=C2
1482,['3-Isopropyl-6-methyl-2-cyclohexen-1-one'],None
1483,['4-Isopropyl-2-methylphenol'],CC1=C(C=CC(=C1)C(C)C)O
1484,"['O,O-Dimethyl-O-(3-chloro-4-nitrophenyl)thio-phosphate, chlorthion']",COP(=S)(OC)OC1=CC(=C(C=C1)[N+](=O)[O-])Cl
1485,"['1,3-Dihydroxy-5-heptylbenzene']",CCCCCCCC1=CC(=CC(=C1)O)O
1486,['2-Methoxy-5-(2-propenyl)phenol'],COC1=C(C=C(C=C1)CC=C)O
1487,['Hydrocinnamic acid'],C1=CC=C(C=C1)CCC(=O)O
1488,['Cycloheptanol'],C1CCCC(CC1)O
1489,['Cycloheptanone'],C1CCCC(=O)CC1
1490,['Citronellic acid'],CC(CCC=C(C)C)CC(=O)O
1491,['Cyclooctanone'],C1CCCC(=O)CCC1
1492,['5-Nonanone'],CCCCC(=O)CCCC
1493,"['6,10,14-Trimethyl-2-pentadecanone']",CC(C)CCCC(C)CCCC(C)CCCC(=O)C
1494,"['1-Fluoro-2,3-epoxypropane']",None
1495,['2-Butyne'],CC#CC
1496,['Fluoroacetonitrile'],C(C#N)F
1497,['Dimethyl diimide'],None
1498,['Azetidine'],C1CNC1
1499,['Oxetane'],C1COC1
1500,['(Z)-2-Butenoic acid'],C/C=C\C(=O)O
1501,['3-Methylbutanoic acid'],CC(C)CC(=O)O
1502,"['3,5-Dihydroxy-toluene']",CC1=CC(=CC(=C1)O)O
1503,"['2,6-Dimethyl-2,5-heptadien-4-one']",CC(=CC(=O)C=C(C)C)C
1504,['Dinonyl ketone'],CCCCCCCCCC(=O)CCCCCCCCC
1505,"['1,3-Propanediol']",C(CO)CO
1506,['Carbon suboxide'],C(=C=O)=C=O
1507,"['1,3-Dioxane']",C1COCOC1
1508,"['1,4-Dithiane']",C1CSCCS1
1509,['Octane dioic acid'],None
1510,"['Bis(2-chloroethyl) sulfide, yperite']",None
1511,['1-Fluoroundecane'],CCCCCCCCCCCF
1512,['Heptadecanoic acid'],CCCCCCCCCCCCCCCCC(=O)O
1513,['Icosanoic acid'],CCCCCCCCCCCCCCCCCCCC(=O)O
1514,['trans-13-Docosenoic acid'],CCCCCCCC/C=C/CCCCCCCCCCCC(=O)O
1515,['1-Tetracosanol'],CCCCCCCCCCCCCCCCCCCCCCCCO
1516,['Dimethylammonium chloride'],CNC.Cl
1517,['Cyanogen chloride'],C(#N)Cl
1518,['Cyanogen iodide'],C(#N)I
1519,['Carbon diselenide'],C(=[Se])=[Se]
1520,['Acetyl bromide'],CC(=O)Br
1521,['Acetyl iodide'],CC(=O)I
1522,['Thioacetic acid'],CC(=O)S
1523,['Thionyl bromide'],O=S(Br)Br
1524,['2-Bromo-2-methylpropane'],CC(C)(C)Br
1525,['2-Chloro-2-methylpropane'],CC(C)(C)Cl
1526,['2-Bromo-2-methylbutane'],CCC(C)(C)Br
1527,['Tetranitromethane'],C([N+](=O)[O-])([N+](=O)[O-])([N+](=O)[O-])[N+](=O)[O-]
1528,['Methyl phosphate'],COP(=O)([O-])[O-]
1529,['1-Methyl-3-isopropylcyclo-pentane carboxylic acid'],CC(C)C1CCC(C1)(C)C(=O)O
1530,['Tripropyl phosphate'],CCCOP(=O)(OCCC)OCCC
1531,"['2,3-Dibromo-1-propene']",C=C(CBr)Br
1532,['2-Methyl-2-butene'],CC=C(C)C
1533,['1-Chloro-2-methylpropane'],CC(C)CCl
1534,['1-Chloro-2-methyl-1-propene'],CC(=CCl)C
1535,['1-Iodo-2-methylpropane'],CC(C)CI
1536,['2-Methyl-1-propanethiol'],CC(C)CS
1537,['2-Iodobutane'],CCC(C)I
1538,['2-Butanethiol'],CCC(C)S
1539,"['2,3-Dimethyl-1,3-butadiene']",CC(=C)C(=C)C
1540,['3-Hydroxy-2-butanone'],CC(C(=O)C)O
1541,"['1,1-Dichloroacetone']",CC(=O)C(Cl)Cl
1542,['N-(Trifluoro-methyl)bis(nona-fluorobutyl)amine'],None
1543,['Ethyl trichloracetate'],None
1544,['Trinitromethane'],C([N+](=O)[O-])([N+](=O)[O-])[N+](=O)[O-]
1545,['Triphenylmethane'],C1=CC=C(C=C1)C(C2=CC=CC=C2)C3=CC=CC=C3
1546,"['3-Acetyl-6-methyl-2H-pyran-2,4(3H)-dione']",CC1=CC(=O)C(C(=O)O1)C(=O)C
1547,['Dibenzyl phthalate'],C1=CC=C(C=C1)COC(=O)C2=CC=CC=C2C(=O)OCC3=CC=CC=C3
1548,"['2,5-Dimethyl-3,4-methylendioxy-1-allyl benzene']",None
1549,"['1,2,3-Trimethylbenzene']",CC1=C(C(=CC=C1)C)C
1550,"['2,3-Dimethylphenol']",CC1=C(C(=CC=C1)O)C
1551,"['2,3,5,6-Tetramethylphenol']",CC1=CC(=C(C(=C1C)O)C)C
1552,"['1,2,3,5-Tetramethylbenzene']",CC1=CC(=C(C(=C1)C)C)C
1553,"['3,4,5-Trimethylphenol']",CC1=CC(=CC(=C1C)C)O
1554,"['1,3-Dihydroxy-4,5-dimethyl benzene']",CC1=CC(=CC(=C1C)O)O
1555,"['2,4,6-Trimethylphenol']",CC1=CC(=C(C(=C1)C)O)C
1556,['2-Thiophene carboxylic acid'],C1=CSC(=C1)C(=O)O
1557,['1-Methyl-2-isopropylbenzene'],CC1=CC=CC=C1C(C)C
1558,['2-Toluonitrile'],None
1559,['1(2H)-Naphthalenone'],C1C=CC2=CC=CC=C2C1=O
1560,"['1,1-Di-p-tolylethane']",CC1=CC=C(C=C1)C(C)C2=CC=C(C=C2)C
1561,"['1,1-Diphenylethene']",C=C(C1=CC=CC=C1)C2=CC=CC=C2
1562,"['1,1-Diphenyl-hydrazine']",C1=CC=C(C=C1)N(C2=CC=CC=C2)N
1563,"['3,4-Dihydro-2,2-dimethyl-4-oxo-2H-pyran-6-carboxylic acid butyl ester']",CCCCOC(=O)C1=CC(=O)CC(O1)(C)C
1564,"['(2,4-Dichloro-phenoxy)acetic acid ethyl ester']",None
1565,"['1,3-Dihydroxy-4-pentylbenzene']",CCCCCC1=C(C=C(C=C1)O)O
1566,"['1,2-Dibromobutane']",CCC(CBr)Br
1567,"['1,3-Dichloroacetone']",C(C(=O)CCl)Cl
1568,"['1,1-Dimethoxy ethane']",None
1569,['2-Methylfuran-(Sylvan)'],None
1570,['2-Chloropropionic acid ethyl ester'],CCOC(=O)C(C)Cl
1571,['Dichloroacetic acid ethyl ester'],CCOC(=O)C(Cl)Cl
1572,['1-Methyl-3-isopropylbenzene'],CC1=CC(=CC=C1)C(C)C
1573,['4-Isopropyl benzylalcohol'],None
1574,['4-Ethylpyridine'],CCC1=CC=NC=C1
1575,['3-Ethylpyridine'],CCC1=CN=CC=C1
1576,"['N,α α -Dimethyl-phenethyl amine']",None
1577,['N-Ethyl-bis(2-chloroethyl)amine'],CCN(CCCl)CCCl
1578,['Diallyl cyanamide'],C=CCN(CC=C)C#N
1579,['Glycerol trioctanoate'],CCCCCCCC(=O)OCC(COC(=O)CCCCCCC)OC(=O)CCCCCCC
1580,['Glycerol trilaurate'],CCCCCCCCCCCC(=O)OCC(COC(=O)CCCCCCCCCCC)OC(=O)CCCCCCCCCCC
1581,['Pentylbenzene'],CCCCCC1=CC=CC=C1
1582,['2-Methylpropylbenzene'],CC(C)CC1=CC=CC=C1
1583,['Benzyl ethyl ether'],CCOCC1=CC=CC=C1
1584,['4-Tolylhydrazine'],CC1=CC=C(C=C1)NN
1585,['Ethyl levulinate'],CCOC(=O)CCC(=O)C
