,CAS,NAME
0,['50-07-7'],"[(4S,6S,7R,8S)-11-amino-7-methoxy-12-methyl-10,13-dioxo-2,5-diazatetracyclo[7.4.0.02,7.04,6]trideca-1(9),11-dien-8-yl]methyl carbamate"
1,['50-48-6'],"N,N-dimethyl-3-(2-tricyclo[9.4.0.03,8]pentadeca-1(15),3,5,7,11,13-hexaenylidene)propan-1-amine"
2,['51-06-9'],4-amino-N-[2-(diethylamino)ethyl]benzamide
3,['51-14-9'],"5-[1-[2-(2-ethoxyethoxy)ethoxy]ethoxy]-1,3-benzodioxole"
4,['51-28-5'],"2,4-dinitrophenol"
5,['51-61-6'],"4-(2-aminoethyl)benzene-1,2-diol"
6,['51-66-1'],N-(4-methoxyphenyl)acetamide
7,['51-71-8'],2-phenylethylhydrazine
8,['51-73-0'],1-(4-pyrrolidin-1-ylbut-2-ynyl)pyrrolidine
9,['51-77-4'],"[(2E)-3,7-dimethylocta-2,6-dienyl] (4E,8E)-5,9,13-trimethyltetradeca-4,8,12-trienoate"
10,['52-53-9'],"2-(3,4-dimethoxyphenyl)-5-[2-(3,4-dimethoxyphenyl)ethyl-methylamino]-2-propan-2-ylpentanenitrile"
11,['53-70-3'],"naphtho[1,2-b]phenanthrene"
12,['53-89-4'],4-benzyl-2-(1-methylpiperidin-4-yl)-5-phenyl-1H-pyrazol-3-one
13,['53-96-3'],N-(9H-fluoren-2-yl)acetamide
14,['54-30-8'],3-methylbutyl 2-[2-(diethylamino)ethylamino]-2-phenylacetate
15,['54-49-9'],"3-[(1R,2S)-2-amino-1-hydroxypropyl]phenol"
16,['55-48-1'],"[(1S,5R)-8-methyl-8-azabicyclo[3.2.1]octan-3-yl] 3-hydroxy-2-phenylpropanoate;sulfuric acid"
17,['55-52-7'],1-phenylpropan-2-ylhydrazine
18,['55-63-0'],"1,3-dinitrooxypropan-2-yl nitrate"
19,['55-91-4'],2-[fluoro(propan-2-yloxy)phosphoryl]oxypropane
20,['56-18-8'],"N'-(3-aminopropyl)propane-1,3-diamine"
21,['57-13-6'],urea
22,['57-39-6'],1-bis(2-methylaziridin-1-yl)phosphoryl-2-methylaziridine
23,['57-44-3'],"5,5-diethyl-1,3-diazinane-2,4,6-trione"
24,['57-53-4'],[2-(carbamoyloxymethyl)-2-methylpentyl] carbamate
25,['59-26-7'],"N,N-diethylpyridine-3-carboxamide"
26,['59-32-5'],"N'-[(4-chlorophenyl)methyl]-N,N-dimethyl-N'-pyridin-2-ylethane-1,2-diamine"
27,['59-39-2'],"1-(2,3-dihydro-1,4-benzodioxin-3-ylmethyl)piperidine"
28,['59-48-3'],"1,3-dihydroindol-2-one"
29,['59-52-9'],"2,3-bis(sulfanyl)propan-1-ol"
30,['59-61-0'],"1-(3,4-dichlorophenyl)-2-(propan-2-ylamino)ethanol"
31,['60-23-1'],2-aminoethanethiol
32,['60-33-3'],"(9Z,12Z)-octadeca-9,12-dienoic acid"
33,['60-40-2'],"N,2,3,3-tetramethylbicyclo[2.2.1]heptan-2-amine"
34,['60-56-0'],3-methyl-1H-imidazole-2-thione
35,['60-57-1'],"(1R,2S,3S,6R,7R,8S,9S,11R)-3,4,5,6,13,13-hexachloro-10-oxapentacyclo[6.3.1.13,6.02,7.09,11]tridec-4-ene"
36,['60-89-9'],10-[(1-methylpiperidin-3-yl)methyl]phenothiazine
37,['60-91-3'],"N,N-diethyl-2-phenothiazin-10-ylethanamine"
38,['61-00-7'],1-[10-[3-(dimethylamino)propyl]phenothiazin-2-yl]ethanone
39,['62-50-0'],ethyl methanesulfonate
40,['63-25-2'],naphthalen-1-yl N-methylcarbamate
41,['64-13-1'],1-(4-methoxyphenyl)propan-2-amine
42,['67-47-0'],5-(hydroxymethyl)furan-2-carbaldehyde
43,['67-72-1'],"1,1,1,2,2,2-hexachloroethane"
44,['68-36-0'],"1,4-bis(trichloromethyl)benzene"
45,['68-76-8'],"2,3,5-tris(aziridin-1-yl)cyclohexa-2,5-diene-1,4-dione"
46,['70-11-1'],2-bromo-1-phenylethanone
47,['70-19-9'],oxolan-2-ylmethyl pyridine-3-carboxylate
48,['70-22-4'],1-(4-pyrrolidin-1-ylbut-2-ynyl)pyrrolidin-2-one
49,['70-30-4'],"3,4,6-trichloro-2-[(2,3,5-trichloro-6-hydroxyphenyl)methyl]phenol"
50,['70-43-9'],"(6-chloro-1,3-benzodioxol-5-yl)methyl 2,2-dimethyl-3-(2-methylprop-1-enyl)cyclopropane-1-carboxylate"
51,['70-69-9'],1-(4-aminophenyl)propan-1-one
52,['72-43-5'],"1-methoxy-4-[2,2,2-trichloro-1-(4-methoxyphenyl)ethyl]benzene"
53,['72-48-0'],"1,2-dihydroxyanthracene-9,10-dione"
54,['72-55-9'],"1-chloro-4-[2,2-dichloro-1-(4-chlorophenyl)ethenyl]benzene"
55,['74-11-3'],4-chlorobenzoic acid
56,['75-17-2'],N-methylidenehydroxylamine
57,['75-80-9'],"2,2,2-tribromoethanol"
58,['75-90-1'],"2,2,2-trifluoroacetaldehyde"
59,['76-18-6'],"2-chloro-1,1,1,2,3,3,3-heptafluoropropane"
60,['76-21-1'],"2,2,3,3,4,4,5,5,6,6,7,7,8,8,9,9-hexadecafluorononanoic acid"
61,['76-22-2'],"1,7,7-trimethylbicyclo[2.2.1]heptan-2-one"
62,['76-29-9'],"3-bromo-1,7,7-trimethylbicyclo[2.2.1]heptan-2-one"
63,['76-39-1'],2-methyl-2-nitropropan-1-ol
64,['76-93-7'],"2-hydroxy-2,2-diphenylacetic acid"
65,['77-14-5'],"(1,3-dimethyl-4-phenylazepan-4-yl) propanoate"
66,['77-22-5'],2-(diethylamino)ethyl 1-phenylcyclopentane-1-carboxylate
67,['77-24-7'],diethyl 2-ethyl-2-(3-methylbutyl)propanedioate
68,['77-38-3'],"2-[1-(4-chlorophenyl)-1-phenylethoxy]-N,N-dimethylethanamine"
69,['77-42-9'],"(Z)-2-methyl-5-[(1S,2R,4R)-2-methyl-3-methylidene-2-bicyclo[2.2.1]heptanyl]pent-2-en-1-ol"
70,['77-51-0'],4-(dimethylamino)-2-phenyl-2-propan-2-ylpentanenitrile
71,['77-63-4'],"2,4,6,8-tetramethyl-2,4,6,8-tetraphenyl-1,3,5,7,2,4,6,8-tetraoxatetrasilocane"
72,['77-67-8'],"3-ethyl-3-methylpyrrolidine-2,5-dione"
73,['77-84-9'],"2-ethyl-2-methylpropane-1,3-diol"
74,['78-54-6'],1-[2-(1-hydroxycyclohexyl)ethynyl]cyclohexan-1-ol
75,['78-65-9'],"3,6-dimethyloctane-3,6-diol"
76,['78-66-0'],"3,6-dimethyloct-4-yne-3,6-diol"
77,['78-70-6'],"3,7-dimethylocta-1,6-dien-3-ol"
78,['78-76-2'],2-bromobutane
79,['78-86-4'],2-chlorobutane
80,['78-87-5'],"1,2-dichloropropane"
81,['78-90-0'],"propane-1,2-diamine"
82,['78-96-6'],1-aminopropan-2-ol
83,['79-47-0'],"3-chloro-1,1,2,3,3-pentafluoroprop-1-ene"
84,['79-51-6'],"1,1,3,3-tetrachloro-1,3-difluoropropan-2-one"
85,['79-52-7'],"1,1,3-trichloro-1,3,3-trifluoropropan-2-one"
86,['79-68-5'],"(E)-4-[(1S,3R)-2,2,3-trimethyl-6-methylidenecyclohexyl]but-3-en-2-one"
87,['79-70-9'],"(E)-4-(2,5,6,6-tetramethylcyclohexen-1-yl)but-3-en-2-one"
88,['79-92-5'],"2,2-dimethyl-3-methylidenebicyclo[2.2.1]heptane"
89,['80-00-2'],1-(benzenesulfonyl)-4-chlorobenzene
90,['80-18-2'],methyl benzenesulfonate
91,['80-43-3'],2-(2-phenylpropan-2-ylperoxy)propan-2-ylbenzene
92,['80-55-7'],ethyl 2-hydroxy-2-methylpropanoate
93,['80-58-0'],2-bromobutanoic acid
94,['80-70-6'],"1,1,3,3-tetramethylguanidine"
95,['80-73-9'],"1,3-dimethylimidazolidin-2-one"
96,['81-13-0'],"(2R)-2,4-dihydroxy-N-(3-hydroxypropyl)-3,3-dimethylbutanamide"
97,['81-15-2'],"1-tert-butyl-3,5-dimethyl-2,4,6-trinitrobenzene"
98,['82-34-8'],"1-nitroanthracene-9,10-dione"
99,['82-68-8'],"1,2,3,4,5-pentachloro-6-nitrobenzene"
100,['82-95-1'],1-[(4-tert-butylphenyl)methyl]-4-[(4-chlorophenyl)-phenylmethyl]piperazine
101,['82-98-4'],"(1-ethylpiperidin-3-yl) 2,2-diphenylacetate"
102,['82-99-5'],"S-[2-(diethylamino)ethyl] 2,2-diphenylethanethioate"
103,['83-87-4'],"[(2R,3R,4S,5R)-3,4,5,6-tetraacetyloxyoxan-2-yl]methyl acetate"
104,['83-98-7'],"N,N-dimethyl-2-[(2-methylphenyl)-phenylmethoxy]ethanamine"
105,['84-11-7'],"phenanthrene-9,10-dione"
106,['84-33-3'],"3-hydroxy-9,10-dioxoanthracene-2-carboxylic acid"
107,['84-62-8'],"diphenyl benzene-1,2-dicarboxylate"
108,['84-97-9'],10-[3-(4-methylpiperazin-1-yl)propyl]phenothiazine
109,['85-15-4'],"2-methylbenzo[e][1,3]benzoxazole"
110,['85-70-1'],"2-O-(2-butoxy-2-oxoethyl) 1-O-butyl benzene-1,2-dicarboxylate"
111,['86-12-4'],1-methyl-N-phenyl-N-(thiophen-2-ylmethyl)piperidin-4-amine
112,['86-14-6'],"N,N-diethyl-4,4-dithiophen-2-ylbut-3-en-2-amine"
113,['86-21-5'],"N,N-dimethyl-3-phenyl-3-pyridin-2-ylpropan-1-amine"
114,['86-28-2'],9-ethylcarbazole
115,['86-30-6'],"N,N-diphenylnitrous amide"
116,['86-55-5'],naphthalene-1-carboxylic acid
117,['86-57-7'],1-nitronaphthalene
118,['86-77-1'],dibenzofuran-2-ol
119,['86-90-8'],"5-bromo-2-benzofuran-1,3-dione"
120,['86-98-6'],"4,7-dichloroquinoline"
121,['87-29-6'],[(E)-3-phenylprop-2-enyl] 2-aminobenzoate
122,['87-44-5'],"(1R,4E,9S)-4,11,11-trimethyl-8-methylidenebicyclo[7.2.0]undec-4-ene"
123,['87-45-6'],4-(2-methyl-5-prop-1-en-2-ylcyclopenten-1-yl)butan-2-one
124,['87-47-8'],"(5-methyl-2-phenylpyrazol-3-yl) N,N-dimethylcarbamate"
125,['87-86-5'],"2,3,4,5,6-pentachlorophenol"
126,['87-91-2'],"diethyl (2R,3R)-2,3-dihydroxybutanedioate"
127,['88-17-5'],2-(trifluoromethyl)aniline
128,['88-20-0'],2-methylbenzenesulfonic acid
129,['88-29-9'],"1-(3-ethyl-5,5,8,8-tetramethyl-6,7-dihydronaphthalen-2-yl)ethanone"
130,['88-40-4'],1-tert-butyl-2-methoxy-4-methylbenzene
131,['88-41-5'],(2-tert-butylcyclohexyl) acetate
132,['88-60-8'],2-tert-butyl-5-methylphenol
133,['88-66-4'],1-chloro-2-(dichloromethyl)benzene
134,['88-68-6'],2-aminobenzamide
135,['88-85-7'],"2-butan-2-yl-4,6-dinitrophenol"
136,['88-88-0'],"2-chloro-1,3,5-trinitrobenzene"
137,['88-96-0'],"benzene-1,2-dicarboxamide"
138,['89-32-7'],"furo[3,4-f][2]benzofuran-1,3,5,7-tetrone"
139,['89-48-5'],(5-methyl-2-propan-2-ylcyclohexyl) acetate
140,['89-78-1'],5-methyl-2-propan-2-ylcyclohexan-1-ol
141,['89-79-2'],"(1R,2S,5R)-5-methyl-2-prop-1-en-2-ylcyclohexan-1-ol"
142,['89-80-5'],"(2S,5R)-5-methyl-2-propan-2-ylcyclohexan-1-one"
143,['89-81-6'],3-methyl-6-propan-2-ylcyclohex-2-en-1-one
144,['90-24-4'],"1-(2-hydroxy-4,6-dimethoxyphenyl)ethanone"
145,['90-34-6'],"4-N-(6-methoxyquinolin-8-yl)pentane-1,4-diamine"
146,['90-44-8'],10H-anthracen-9-one
147,['90-54-0'],1-[2-[2-(diethylamino)ethoxy]phenyl]-3-phenylpropan-1-one
148,['90-63-1'],1-hydroxy-1-phenylpropan-2-one
149,['91-15-6'],"benzene-1,2-dicarbonitrile"
150,['91-17-8'],"1,2,3,4,4a,5,6,7,8,8a-decahydronaphthalene"
151,['91-82-7'],1-[(Z)-4-(4-chlorophenyl)-3-phenylbut-2-enyl]pyrrolidine
152,['91-94-1'],4-(4-amino-3-chlorophenyl)-2-chloroaniline
153,['91-96-3'],N-[2-methyl-4-[3-methyl-4-(3-oxobutanoylamino)phenyl]phenyl]-3-oxobutanamide
154,['92-04-6'],2-chloro-4-phenylphenol
155,['92-05-7'],"4-phenylbenzene-1,2-diol"
156,['92-13-7'],"(3S,4R)-3-ethyl-4-[(3-methylimidazol-4-yl)methyl]oxolan-2-one"
157,['92-49-9'],N-(2-chloroethyl)-N-ethylaniline
158,['92-50-2'],2-(N-ethylanilino)ethanol
159,['92-53-5'],4-phenylmorpholine
160,['92-81-9'],"9,10-dihydroacridine"
161,['92-95-5'],1-isocyanato-4-phenylbenzene
162,['93-16-3'],"1,2-dimethoxy-4-[(E)-prop-1-enyl]benzene"
163,['93-30-1'],1-(2-methoxyphenyl)-N-methylpropan-2-amine
164,['93-52-7'],"1,2-dibromoethylbenzene"
165,['93-59-4'],benzenecarboperoxoic acid
166,['93-65-2'],2-(4-chloro-2-methylphenoxy)propanoic acid
167,['93-92-5'],1-phenylethyl acetate
168,['93-96-9'],1-(1-phenylethoxy)ethylbenzene
169,['94-02-0'],ethyl 3-oxo-3-phenylpropanoate
170,['94-13-3'],propyl 4-hydroxybenzoate
171,['94-26-8'],butyl 4-hydroxybenzoate
172,['94-33-7'],2-hydroxyethyl benzoate
173,['94-41-7'],"(E)-1,3-diphenylprop-2-en-1-one"
174,['94-44-0'],benzyl pyridine-3-carboxylate
175,['94-60-0'],"dimethyl cyclohexane-1,4-dicarboxylate"
176,['94-74-6'],2-(4-chloro-2-methylphenoxy)acetic acid
177,['94-82-6'],"4-(2,4-dichlorophenoxy)butanoic acid"
178,['94-83-7'],"2-(2,4-dichlorophenoxy)ethyl benzoate"
179,['94-99-5'],"2,4-dichloro-1-(chloromethyl)benzene"
180,['95-06-7'],"2-chloroprop-2-enyl N,N-diethylcarbamodithioate"
181,['95-41-0'],2-hexylcyclopent-2-en-1-one
182,['95-45-4'],(NE)-N-[(3E)-3-hydroxyiminobutan-2-ylidene]hydroxylamine
183,['95-81-8'],2-chloro-5-methylaniline
184,['95-83-0'],"4-chlorobenzene-1,2-diamine"
185,['95-89-6'],"3-chloro-2,5-dimethylpyrazine"
186,['96-08-2'],1-methyl-4-(2-methyloxiran-2-yl)-7-oxabicyclo[4.1.0]heptane
187,['96-10-6'],chloro(diethyl)alumane
188,['96-17-3'],2-methylbutanal
189,['96-20-8'],2-aminobutan-1-ol
190,['96-45-7'],imidazolidine-2-thione
191,['96-64-0'],"3-[fluoro(methyl)phosphoryl]oxy-2,2-dimethylbutane"
192,['96-94-6'],"2,4-di(pentan-2-yl)phenol"
193,['97-09-6'],4-chloro-3-nitrobenzenesulfonamide
194,['97-13-2'],"N,N',N'-tri(propan-2-yl)ethane-1,2-diamine"
195,['97-61-0'],2-methylpentanoic acid
196,['97-64-3'],ethyl 2-hydroxypropanoate
197,['97-87-0'],butyl 2-methylpropanoate
198,['97-96-1'],2-ethylbutanal
199,['98-28-2'],4-tert-butyl-2-chlorophenol
200,['98-55-5'],2-(4-methylcyclohex-3-en-1-yl)propan-2-ol
201,['99-27-4'],"dimethyl 5-aminobenzene-1,3-dicarboxylate"
202,['99-43-4'],2-(diethylamino)ethyl 4-amino-3-butoxybenzoate
203,['99-49-0'],2-methyl-5-prop-1-en-2-ylcyclohex-2-en-1-one
204,['99-61-6'],3-nitrobenzaldehyde
205,['99-76-3'],methyl 4-hydroxybenzoate
206,['99-82-1'],1-methyl-4-propan-2-ylcyclohexane
207,['99-93-4'],1-(4-hydroxyphenyl)ethanone
208,['100-02-7'],4-nitrophenol
209,['100-10-7'],4-(dimethylamino)benzaldehyde
210,['100-14-1'],1-(chloromethyl)-4-nitrobenzene
211,['100-19-6'],1-(4-nitrophenyl)ethanone
212,['100-27-6'],2-(4-nitrophenyl)ethanol
213,['100-28-7'],1-isocyanato-4-nitrobenzene
214,['100-79-8'],"(2,2-dimethyl-1,3-dioxolan-4-yl)methanol"
215,['100-97-0'],"1,3,5,7-tetrazatricyclo[3.3.1.13,7]decane"
216,['101-14-4'],4-[(4-amino-3-chlorophenyl)methyl]-2-chloroaniline
217,['101-17-7'],3-chloro-N-phenylaniline
218,['101-55-3'],1-bromo-4-phenoxybenzene
219,['101-64-4'],"4-N-(4-methoxyphenyl)benzene-1,4-diamine"
220,['101-72-4'],"1-N-phenyl-4-N-propan-2-ylbenzene-1,4-diamine"
221,['101-99-5'],ethyl N-phenylcarbamate
222,['102-05-6'],N-benzyl-N-methyl-1-phenylmethanamine
223,['102-06-7'],"1,2-diphenylguanidine"
224,['102-07-8'],"1,3-diphenylurea"
225,['102-17-0'],(4-methoxyphenyl)methyl 2-phenylacetate
226,['102-19-2'],3-methylbutyl 2-phenylacetate
227,['102-20-5'],2-phenylethyl 2-phenylacetate
228,['102-24-9'],"2,4,6-trimethoxy-1,3,5,2,4,6-trioxatriborinane"
229,['102-29-4'],(3-hydroxyphenyl) acetate
230,['102-36-3'],"1,2-dichloro-4-isocyanatobenzene"
231,['102-67-0'],tripropylalumane
232,['102-81-8'],2-(dibutylamino)ethanol
233,['102-92-1'],(E)-3-phenylprop-2-enoyl chloride
234,['103-08-2'],5-ethylnonan-2-ol
235,['103-11-7'],2-ethylhexyl prop-2-enoate
236,['103-19-5'],1-methyl-4-[(4-methylphenyl)disulfanyl]benzene
237,['103-20-8'],7-ethyl-2-methylundecan-4-ol
238,['103-26-4'],methyl (E)-3-phenylprop-2-enoate
239,['103-33-3'],diphenyldiazene
240,['103-36-6'],ethyl (E)-3-phenylprop-2-enoate
241,['103-49-1'],N-benzyl-1-phenylmethanamine
242,['103-52-6'],2-phenylethyl butanoate
243,['103-59-3'],[(E)-3-phenylprop-2-enyl] 2-methylpropanoate
244,['103-78-6'],1-cyclohexylpropan-2-one
245,['103-81-1'],2-phenylacetamide
246,['103-90-2'],N-(4-hydroxyphenyl)acetamide
247,['103-93-5'],(4-methylphenyl) 2-methylpropanoate
248,['103-96-8'],"1-N,4-N-di(octan-2-yl)benzene-1,4-diamine"
249,['103-99-1'],N-(4-hydroxyphenyl)octadecanamide
250,['104-01-8'],2-(4-methoxyphenyl)acetic acid
251,['104-28-9'],2-ethoxyethyl (E)-3-(4-methoxyphenyl)prop-2-enoate
252,['104-42-7'],4-dodecylaniline
253,['104-46-1'],1-methoxy-4-[(E)-prop-1-enyl]benzene
254,['104-48-3'],N-ethyl-4-methoxyaniline
255,['104-54-1'],(E)-3-phenylprop-2-en-1-ol
256,['104-55-2'],(E)-3-phenylprop-2-enal
257,['104-58-5'],3-piperidin-1-ylpropan-1-ol
258,['104-61-0'],5-pentyloxolan-2-one
259,['104-66-5'],2-phenoxyethoxybenzene
260,['104-74-5'],1-dodecylpyridin-1-ium;chloride
261,['104-77-8'],"3-chloro-N,N-diethylpropan-1-amine"
262,['104-79-0'],"N',N'-diethyl-N-methylethane-1,2-diamine"
263,['104-89-2'],5-ethyl-2-methylpiperidine
264,['104-95-0'],1-bromo-4-methylsulfanylbenzene
265,['105-20-4'],2-(1H-pyrazol-5-yl)ethanamine
266,['105-23-7'],1-cyclopentylpropan-2-amine
267,['105-29-3'],3-methylpent-2-en-4-yn-1-ol
268,['105-43-1'],3-methylpentanoic acid
269,['105-44-2'],N-(4-methylpentan-2-ylidene)hydroxylamine
270,['105-72-6'],2-butanoyloxyethyl butanoate
271,['105-74-8'],dodecanoyl dodecaneperoxoate
272,['105-82-8'],1-(1-propoxyethoxy)propane
273,['105-87-3'],"[(2E)-3,7-dimethylocta-2,6-dienyl] acetate"
274,['105-95-3'],"1,4-dioxacycloheptadecane-5,17-dione"
275,['106-02-5'],oxacyclohexadecan-2-one
276,['106-22-9'],"3,7-dimethyloct-6-en-1-ol"
277,['106-51-4'],"cyclohexa-2,5-diene-1,4-dione"
278,['106-55-8'],"2,5-dimethylpiperazine"
279,['106-56-9'],"2,5-dimethylmorpholine"
280,['106-69-4'],"hexane-1,2,6-triol"
281,['106-89-8'],2-(chloromethyl)oxirane
282,['107-01-7'],(E)-but-2-ene
283,['107-16-4'],2-hydroxyacetonitrile
284,['107-48-2'],"2-(2,2-dimethylpropyl)-2-methyloxirane"
285,['107-50-6'],"2,2,4,4,6,6,8,8,10,10,12,12,14,14-tetradecamethyl-1,3,5,7,9,11,13-heptaoxa-2,4,6,8,10,12,14-heptasilacyclotetradecane"
286,['107-54-0'],"3,5-dimethylhex-1-yn-3-ol"
287,['107-66-4'],dibutyl hydrogen phosphate
288,['107-94-8'],3-chloropropanoic acid
289,['107-99-3'],"2-chloro-N,N-dimethylethanamine"
290,['108-15-6'],"1-N,1-N-dimethylpropane-1,2-diamine"
291,['108-28-1'],5-methylidenefuran-2-one
292,['108-49-6'],"2,6-dimethylpiperazine"
293,['108-55-4'],"oxane-2,6-dione"
294,['108-56-5'],diethyl 2-oxobutanedioate
295,['108-57-6'],"1,3-bis(ethenyl)benzene"
296,['108-74-7'],"1,3,5-trimethyl-1,3,5-triazinane"
297,['108-81-6'],2-ethyl-4-methylpentanoic acid
298,['109-05-7'],2-methylpiperidine
299,['109-17-1'],2-[2-[2-[2-(2-methylprop-2-enoyloxy)ethoxy]ethoxy]ethoxy]ethyl 2-methylprop-2-enoate
300,['109-19-3'],butyl 3-methylbutanoate
301,['109-42-2'],butyl undec-10-enoate
302,['109-68-2'],(E)-pent-2-ene
303,['110-06-5'],2-(tert-butyldisulfanyl)-2-methylpropane
304,['110-11-2'],octyl hydrogen sulfate
305,['110-17-8'],(E)-but-2-enedioic acid
306,['110-98-5'],1-(2-hydroxypropoxy)propan-2-ol
307,['111-28-4'],"(2E,4E)-hexa-2,4-dien-1-ol"
308,['111-37-5'],"N'-ethyl-N-methylethane-1,2-diamine"
309,['111-38-6'],ethenoxymethoxyethene
310,['111-39-7'],"N'-propylethane-1,2-diamine"
311,['111-52-4'],"(E)-N,N,N',N'-tetramethylbut-2-ene-1,4-diamine"
312,['111-63-7'],ethenyl octadecanoate
313,['111-67-1'],oct-2-ene
314,['111-73-9'],4-ethoxybutan-1-ol
315,['111-89-7'],"1,5-dimethoxypentane"
316,['111-95-5'],2-methoxy-N-(2-methoxyethyl)ethanamine
317,['112-04-9'],trichloro(octadecyl)silane
318,['112-10-7'],propan-2-yl octadecanoate
319,['112-18-5'],"N,N-dimethyldodecan-1-amine"
320,['112-46-9'],(E)-undec-9-en-1-ol
321,['112-54-9'],dodecanal
322,['112-91-4'],(Z)-octadec-9-enenitrile
323,['113-53-1'],"(3Z)-3-(6H-benzo[c][1]benzothiepin-11-ylidene)-N,N-dimethylpropan-1-amine"
324,['115-24-2'],"2,2-bis(ethylsulfonyl)propane"
325,['115-69-5'],"2-amino-2-methylpropane-1,3-diol"
326,['115-70-8'],"2-amino-2-ethylpropane-1,3-diol"
327,['115-82-2'],tetrakis(2-ethylhexyl) silicate
328,['115-89-9'],methyl diphenyl phosphate
329,['116-02-9'],"3,3,5-trimethylcyclohexan-1-ol"
330,['116-26-7'],"2,6,6-trimethylcyclohexa-1,3-diene-1-carbaldehyde"
331,['116-53-0'],2-methylbutanoic acid
332,['116-66-5'],"1,1,3,3,5-pentamethyl-4,6-dinitro-2H-indene"
333,['117-08-8'],"4,5,6,7-tetrachloro-2-benzofuran-1,3-dione"
334,['117-27-1'],1-chloro-4-[1-(4-chlorophenyl)-2-nitropropyl]benzene
335,['117-30-6'],2-piperidin-1-ylethyl 2-phenyl-2-piperidin-1-ylacetate
336,['117-47-5'],diethyl 2-pentan-2-ylpropanedioate
337,['117-82-8'],"bis(2-methoxyethyl) benzene-1,2-dicarboxylate"
338,['117-99-7'],(2-hydroxyphenyl)-phenylmethanone
339,['118-45-6'],"5-chloro-2-benzofuran-1,3-dione"
340,['118-55-8'],phenyl 2-hydroxybenzoate
341,['118-56-9'],"(3,3,5-trimethylcyclohexyl) 2-hydroxybenzoate"
342,['118-61-6'],ethyl 2-hydroxybenzoate
343,['118-65-0'],"(1R,4Z,9S)-4,11,11-trimethyl-8-methylidenebicyclo[7.2.0]undec-4-ene"
344,['119-27-7'],"1-methoxy-2,4-dinitrobenzene"
345,['119-33-5'],4-methyl-2-nitrophenol
346,['119-42-6'],2-cyclohexylphenol
347,['119-48-2'],N-butyl-N-[2-[butyl(morpholine-4-carbonyl)amino]ethyl]morpholine-4-carboxamide
348,['119-53-9'],"2-hydroxy-1,2-diphenylethanone"
349,['119-90-4'],4-(4-amino-3-methoxyphenyl)-2-methoxyaniline
350,['119-93-7'],4-(4-amino-3-methylphenyl)-2-methylaniline
351,['119-98-2'],"2-methyl-2-(4,8,12-trimethyltridecyl)-3,4-dihydrochromen-6-ol"
352,['120-07-0'],2-[N-(2-hydroxyethyl)anilino]ethanol
353,['120-20-7'],"2-(3,4-dimethoxyphenyl)ethanamine"
354,['120-33-2'],ethyl 3-methylbenzoate
355,['120-46-7'],"1,3-diphenylpropane-1,3-dione"
356,['120-58-1'],"5-[(E)-prop-1-enyl]-1,3-benzodioxole"
357,['120-95-6'],"2,4-bis(2-methylbutan-2-yl)phenol"
358,['121-14-2'],"1-methyl-2,4-dinitrobenzene"
359,['122-15-6'],"(5,5-dimethyl-3-oxocyclohexen-1-yl) N,N-dimethylcarbamate"
360,['122-20-3'],1-[bis(2-hydroxypropyl)amino]propan-2-ol
361,['122-56-5'],tributylborane
362,['122-57-6'],(E)-4-phenylbut-3-en-2-one
363,['122-59-8'],2-phenoxyacetic acid
364,['122-66-7'],"1,2-diphenylhydrazine"
365,['122-69-0'],[(E)-3-phenylprop-2-enyl] (E)-3-phenylprop-2-enoate
366,['122-91-8'],(4-methoxyphenyl)methyl formate
367,['123-08-0'],4-hydroxybenzaldehyde
368,['123-09-1'],1-chloro-4-methylsulfanylbenzene
369,['123-10-4'],"N',N'-diethyl-N,N-dimethylethane-1,2-diamine"
370,['123-18-2'],"2,6,8-trimethylnonan-4-one"
371,['123-30-8'],4-aminophenol
372,['123-69-3'],(8Z)-1-oxacycloheptadec-8-en-2-one
373,['123-76-2'],4-oxopentanoic acid
374,['123-79-5'],dioctyl hexanedioate
375,['123-84-2'],1-(2-aminoethylamino)propan-2-ol
376,['123-96-6'],octan-2-ol
377,['124-05-0'],2-carbonochloridoyloxyethyl carbonochloridate
378,['124-20-9'],"N'-(3-aminopropyl)butane-1,4-diamine"
379,['124-72-1'],"2-bromo-1,1,1,2-tetrafluoroethane"
380,['126-64-7'],"3,7-dimethylocta-1,6-dien-3-yl benzoate"
381,['126-90-9'],"(3S)-3,7-dimethylocta-1,6-dien-3-ol"
382,['126-91-0'],"(3R)-3,7-dimethylocta-1,6-dien-3-ol"
383,['127-17-3'],2-oxopropanoic acid
384,['127-21-9'],"1,3-dichloro-1,1,3,3-tetrafluoropropan-2-one"
385,['127-25-3'],"methyl (1R,4aR,4bR,10aR)-1,4a-dimethyl-7-propan-2-yl-2,3,4,4b,5,6,10,10a-octahydrophenanthrene-1-carboxylate"
386,['127-41-3'],"(E)-4-(2,6,6-trimethylcyclohex-2-en-1-yl)but-3-en-2-one"
387,['127-42-4'],"(E)-1-[(1R)-2,6,6-trimethylcyclohex-2-en-1-yl]pent-1-en-3-one"
388,['127-43-5'],"(E)-1-(2,6,6-trimethylcyclohexen-1-yl)pent-1-en-3-one"
389,['127-68-4'],sodium;3-nitrobenzenesulfonate
390,['127-90-2'],"1,1,1,2-tetrachloro-3-(2,3,3,3-tetrachloropropoxy)propane"
391,['127-92-4'],"6,6-dimethylbicyclo[3.1.1]heptane"
392,['128-09-6'],"1-chloropyrrolidine-2,5-dione"
393,['128-39-2'],"2,6-ditert-butylphenol"
394,['129-83-9'],N-phenyl-N-(1-piperidin-1-ylpropan-2-yl)propanamide
395,['130-19-8'],"15,30-dibromo-2,17-diazaheptacyclo[16.12.0.03,16.04,13.06,11.019,28.021,26]triaconta-1(30),3,6,8,10,13,15,18,21,23,25,28-dodecaene-5,12,20,27-tetrone"
396,['131-55-5'],"bis(2,4-dihydroxyphenyl)methanone"
397,['131-57-7'],(2-hydroxy-4-methoxyphenyl)-phenylmethanone
398,['131-74-8'],"azanium;2,4,6-trinitrophenolate"
399,['132-28-5'],tris(2-phenylphenyl) phosphate
400,['133-90-4'],"3-amino-2,5-dichlorobenzoic acid"
401,['134-03-2'],"sodium;(2R)-2-[(1S)-1,2-dihydroxyethyl]-4-hydroxy-5-oxo-2H-furan-3-olate"
402,['134-09-8'],(5-methyl-2-propan-2-ylcyclohexyl) 2-aminobenzoate
403,['134-55-4'],phenyl 2-acetyloxybenzoate
404,['135-77-3'],"1,2,4-trimethoxybenzene"
405,['135-98-8'],butan-2-ylbenzene
406,['136-25-4'],"2-(2,4,5-trichlorophenoxy)ethyl 2,2-dichloropropanoate"
407,['136-81-2'],2-pentylphenol
408,['136-83-4'],2-nonylphenol
409,['137-00-8'],"2-(4-methyl-1,3-thiazol-5-yl)ethanol"
410,['137-32-6'],2-methylbutan-1-ol
411,['138-22-7'],butyl 2-hydroxypropanoate
412,['138-59-0'],"(3R,4S,5R)-3,4,5-trihydroxycyclohexene-1-carboxylic acid"
413,['138-86-3'],1-methyl-4-prop-1-en-2-ylcyclohexene
414,['138-93-2'],disodium;cyanoiminomethanedithiolate
415,['139-45-7'],"2,3-di(propanoyloxy)propyl propanoate"
416,['139-59-3'],4-phenoxyaniline
417,['139-65-1'],4-(4-aminophenyl)sulfanylaniline
418,['140-24-9'],dibenzyl decanedioate
419,['140-26-1'],2-phenylethyl 3-methylbutanoate
420,['140-28-3'],"N,N'-dibenzylethane-1,2-diamine"
421,['140-65-8'],4-[3-(4-butoxyphenoxy)propyl]morpholine
422,['140-69-2'],(4-methoxyphenyl)methylhydrazine
423,['140-76-1'],5-ethenyl-2-methylpyridine
424,['141-10-6'],"(3E,5E)-6,10-dimethylundeca-3,5,9-trien-2-one"
425,['141-12-8'],"[(2Z)-3,7-dimethylocta-2,6-dienyl] acetate"
426,['141-59-3'],"2,4,4-trimethylpentane-2-thiol"
427,['141-70-8'],"2,2,6,6-tetramethyl-4-methylideneheptane"
428,['141-73-1'],4-methoxy-4-methylpentan-2-ol
429,['141-94-6'],"1,3-bis(2-ethylhexyl)-5-methyl-1,3-diazinan-5-amine"
430,['142-04-1'],aniline;hydrochloride
431,['142-19-8'],prop-2-enyl heptanoate
432,['142-25-6'],"N,N',N'-trimethylethane-1,2-diamine"
433,['143-23-7'],"N'-(6-aminohexyl)hexane-1,6-diamine"
434,['143-28-2'],(Z)-octadec-9-en-1-ol
435,['143-33-9'],sodium;cyanide
436,['148-03-8'],"(2R)-2,5,8-trimethyl-2-[(4R,8R)-4,8,12-trimethyltridecyl]-3,4-dihydrochromen-6-ol"
437,['149-16-6'],3-(dibutylamino)propyl 4-aminobenzoate
438,['149-31-5'],"2-methylpentane-1,3-diol"
439,['150-19-6'],3-methoxyphenol
440,['150-84-5'],"3,7-dimethyloct-6-enyl acetate"
441,['150-86-7'],"(E,7R,11R)-3,7,11,15-tetramethylhexadec-2-en-1-ol"
442,['151-00-8'],(NE)-N-(2-methylpropylidene)hydroxylamine
443,['151-50-8'],potassium;cyanide
444,['154-23-4'],"(2R,3S)-2-(3,4-dihydroxyphenyl)-3,4-dihydro-2H-chromene-3,5,7-triol"
445,['156-10-5'],4-nitroso-N-phenylaniline
446,['156-34-3'],(2R)-1-phenylpropan-2-amine
447,['157-22-2'],3H-diazirine
448,['157-33-5'],bicyclo[1.1.0]butane
449,['174-79-8'],"2,6-dioxaspiro[3.3]heptane"
450,['176-63-6'],spiro[4.5]decane
451,['180-84-7'],"1,7-dioxaspiro[5.5]undecane"
452,['185-65-9'],spiro[2.5]octane
453,['185-70-6'],1-oxaspiro[2.5]octane
454,['185-94-4'],bicyclo[2.1.0]pentane
455,['191-24-2'],"hexacyclo[12.8.0.02,11.03,8.04,21.017,22]docosa-1(14),2(11),3(8),4,6,9,12,15,17(22),18,20-undecaene"
456,['193-39-5'],"hexacyclo[16.3.1.02,7.08,21.011,20.014,19]docosa-1(22),2,4,6,8(21),9,11(20),12,14(19),15,17-undecaene"
457,['198-55-0'],perylene
458,['200-23-7'],"8-oxatetracyclo[7.7.1.02,7.013,17]heptadeca-1(16),2,4,6,9,11,13(17),14-octaene"
459,['201-06-9'],acephenanthrylene
460,['203-64-5'],"tetracyclo[10.2.1.05,14.08,13]pentadeca-1,3,5(14),6,8(13),9,11-heptaene"
461,['205-25-4'],7H-benzo[c]carbazole
462,['205-82-3'],"pentacyclo[10.7.1.02,11.03,8.016,20]icosa-1(19),2(11),3,5,7,9,12,14,16(20),17-decaene"
463,['205-99-2'],"pentacyclo[10.7.1.02,7.08,20.013,18]icosa-1(19),2(7),3,5,8(20),9,11,13,15,17-decaene"
464,['215-58-7'],benzo[b]triphenylene
465,['225-11-6'],benzo[a]acridine
466,['225-51-4'],benzo[c]acridine
467,['243-42-5'],"naphtho[2,3-b][1]benzofuran"
468,['244-99-5'],"5H-indeno[1,2-b]pyridine"
469,['253-66-7'],cinnoline
470,['254-04-6'],2H-chromene
471,['254-27-3'],"4H-1,3-benzodioxine"
472,['254-87-5'],"1,2,4-benzotriazine"
473,['259-79-0'],biphenylene
474,['271-58-9'],"2,1-benzoxazole"
475,['271-63-6'],"1H-pyrrolo[2,3-b]pyridine"
476,['277-10-1'],cubane
477,['278-06-8'],"tetracyclo[3.2.0.02,7.04,6]heptane"
478,['279-27-6'],1-azabicyclo[2.2.1]heptane
479,['279-49-2'],7-oxabicyclo[2.2.1]heptane
480,['279-91-4'],6-thiabicyclo[3.2.1]octane
481,['280-57-9'],"1,4-diazabicyclo[2.2.2]octane"
482,['283-47-6'],"1,5-diazabicyclo[3.2.2]nonane"
483,['285-69-8'],"3,6-dioxabicyclo[3.1.0]hexane"
484,['286-16-8'],2-oxabicyclo[4.1.0]heptane
485,['286-62-4'],9-oxabicyclo[6.1.0]nonane
486,['287-29-6'],
487,['288-08-4'],tellurophene
488,['288-35-7'],2H-triazole
489,['288-40-4'],None
490,['288-92-6'],"1,2,4-thiadiazole"
491,['289-72-5'],2H-thiopyran
492,['290-67-5'],"1,4-dioxine"
493,['293-30-1'],"1,3,5,7-tetraoxocane"
494,['293-51-6'],
495,['294-93-9'],"1,4,7,10-tetraoxacyclododecane"
496,['298-01-1'],methyl (E)-3-dimethoxyphosphoryloxybut-2-enoate
497,['298-18-0'],(2R)-2-[(2R)-oxiran-2-yl]oxirane
498,['299-45-6'],7-diethoxyphosphinothioyloxy-4-methylchromen-2-one
499,['301-04-2'],lead(2+);diacetate
500,['301-11-1'],2-thiocyanatoethyl dodecanoate
501,['302-17-0'],"2,2,2-trichloroethane-1,1-diol"
502,['303-04-8'],"(E)-2,3-dichloro-1,1,1,4,4,4-hexafluorobut-2-ene"
503,['303-53-7'],"N,N-dimethyl-3-(2-tricyclo[9.4.0.03,8]pentadeca-1(15),3,5,7,9,11,13-heptaenylidene)propan-1-amine"
504,['303-69-5'],"N,N-dimethyl-3-pyrido[3,2-b][1,4]benzothiazin-10-ylpropan-1-amine"
505,['304-59-6'],"potassium;sodium;(2R,3R)-2,3-dihydroxybutanedioate"
506,['305-13-5'],"N,N-diethyl-2-(2-methoxy-4-prop-2-enylphenoxy)acetamide"
507,['306-91-2'],"1,1,2,2,3,3,4,4,4a,4b,5,5,6,6,7,7,8,8,8a,9,9,10,10,10a-tetracosafluorophenanthrene"
508,['306-92-3'],"1,1,2,2,3,3,4,4,4a,5,5,6,6,7,7,8,8a-heptadecafluoro-8-(trifluoromethyl)naphthalene"
509,['306-95-6'],"1,1,2,2,3,3,4,4,4a,5,5,6,6,7,8,8,8a-heptadecafluoro-7-(trifluoromethyl)naphthalene"
510,['306-98-9'],"1,1,2,2,3,3,4,4,5,6-decafluoro-5,6-bis(trifluoromethyl)cyclohexane"
511,['307-08-4'],"1,1,2,2,3,3,4,4,4a,4b,5,5,6,6,7,7,8,8,8a,9,9,9a-docosafluorofluorene"
512,['307-24-4'],"2,2,3,3,4,4,5,5,6,6,6-undecafluorohexanoic acid"
513,['307-33-5'],"1-chloro-1,1,2,2,3,3,4,4,5,5,6,6,7,7,8,8,8-heptadecafluorooctane"
514,['307-43-7'],"1-bromo-1,1,2,2,3,3,4,4,5,5,6,6,7,7,8,8,9,9,10,10,10-henicosafluorodecane"
515,['307-51-7'],"1,1,2,2,3,3,4,4,5,5,6,6,7,7,8,8,9,9,10,10,10-henicosafluorodecane-1-sulfonyl fluoride"
516,['307-55-1'],"2,2,3,3,4,4,5,5,6,6,7,7,8,8,9,9,10,10,11,11,12,12,12-tricosafluorododecanoic acid"
517,['307-59-5'],"1,1,1,2,2,3,3,4,4,5,5,6,6,7,7,8,8,9,9,10,10,11,11,12,12,12-hexacosafluorododecane"
518,['307-98-2'],"2,2,3,3,4,4,5,5,6,6,7,7,8,8,8-pentadecafluorooctyl prop-2-enoate"
519,['308-48-5'],"1,1,1,2,2,3,3,4,4-nonafluoro-4-(1,1,2,2,3,3,4,4,4-nonafluorobutoxy)butane"
520,['312-94-7'],2-(trifluoromethyl)benzoyl chloride
521,['312-95-8'],1-(difluoromethyl)-2-(trifluoromethyl)benzene
522,['312-96-9'],2-(trifluoromethyl)benzoyl fluoride
523,['315-14-0'],"1,3,5-trifluoro-2-nitrobenzene"
524,['315-52-6'],"1,4-difluoronaphthalene"
525,['318-23-0'],"N,N-diethyl-2-(5-imino-3-phenyl-1,2,4-oxadiazol-4-yl)ethanamine"
526,['319-03-9'],"5-fluoro-2-benzofuran-1,3-dione"
527,['319-84-6'],"1,2,3,4,5,6-hexachlorocyclohexane"
528,['320-30-9'],"4-chloro-1,2-bis(trifluoromethyl)benzene"
529,['320-55-8'],"1,4-dichloro-2,5-bis(trifluoromethyl)benzene"
530,['320-60-5'],"2,4-dichloro-1-(trifluoromethyl)benzene"
531,['320-85-4'],4-chloro-2-(difluoromethyl)-1-(trifluoromethyl)benzene
532,['321-37-9'],"1-(4-chlorophenyl)-2,2,2-trifluoroethanone"
533,['325-13-3'],6-(trifluoromethyl)quinoline
534,['325-14-4'],7-(trifluoromethyl)quinoline
535,['326-91-0'],"4,4,4-trifluoro-1-thiophen-2-ylbutane-1,3-dione"
536,['327-52-6'],"1-bromo-2,4,5-trifluorobenzene"
537,['327-75-3'],"1-bromo-2,4-bis(trifluoromethyl)benzene"
538,['328-70-1'],"1-bromo-3,5-bis(trifluoromethyl)benzene"
539,['328-72-3'],"1-chloro-3,5-bis(trifluoromethyl)benzene"
540,['328-75-6'],"1-nitro-3,5-bis(trifluoromethyl)benzene"
541,['328-87-0'],2-chloro-5-(trifluoromethyl)benzonitrile
542,['328-91-6'],"2-chloro-1,4-bis(trifluoromethyl)benzene"
543,['328-92-7'],"2-iodo-1,4-bis(trifluoromethyl)benzene"
544,['328-99-4'],3-(trifluoromethyl)benzoyl fluoride
545,['330-00-7'],fluorosulfonyloxybenzene
546,['330-11-0'],4-(trifluoromethoxy)benzoyl fluoride
547,['330-84-7'],1-fluoro-4-phenoxybenzene
548,['332-25-2'],4-(trifluoromethoxy)benzonitrile
549,['333-27-7'],methyl trifluoromethanesulfonate
550,['333-36-8'],"1,1,1-trifluoro-2-(2,2,2-trifluoroethoxy)ethane"
551,['334-99-6'],trifluoro(nitroso)methane
552,['335-21-7'],"1,1,2,2,3,3,4,4,5,5,6-undecafluoro-6-(1,1,2,2,2-pentafluoroethyl)cyclohexane"
553,['335-27-3'],"1,1,2,2,3,3,4,5,5,6-decafluoro-4,6-bis(trifluoromethyl)cyclohexane"
554,['335-35-3'],"2,2,3,3,4,4,5,5,6-nonafluoro-6-(1,1,2,2,3,3,3-heptafluoropropyl)oxane"
555,['335-42-2'],"2,2,3,3,4,4,4-heptafluorobutanoyl fluoride"
556,['335-56-8'],"1-bromo-1,1,2,2,3,3,4,4,5,5,6,6,6-tridecafluorohexane"
557,['335-58-0'],"1,1,1,2,2,3,3,4,4,5,5,6,6,7,7-pentadecafluoro-7-iodoheptane"
558,['335-64-8'],"2,2,3,3,4,4,5,5,6,6,7,7,8,8,8-pentadecafluorooctanoyl chloride"
559,['335-65-9'],"1,1,1,2,2,3,3,4,4,5,5,6,6,7,7,8,8-heptadecafluorooctane"
560,['335-66-0'],"2,2,3,3,4,4,5,5,6,6,7,7,8,8,8-pentadecafluorooctanoyl fluoride"
561,['335-99-9'],"2,2,3,3,4,4,5,5,6,6,7,7-dodecafluoroheptan-1-ol"
562,['336-01-6'],"1,1,2,3,3,4,4,5,5,6,6,7,7,8,8-pentadecafluorooct-1-ene"
563,['336-07-2'],"1,1,2,2,3,3,4,4,5,5,6,6-dodecafluorohexane"
564,['336-12-9'],"1,2-dibromo-1,2,3,3,4,4,5,5,6,6-decafluorocyclohexane"
565,['336-15-2'],"1-chloro-1,2,2,3,3,4,4,5,5,6,6-undecafluorocyclohexane"
566,['336-19-6'],"1,2-dichloro-3,3,4,4,5,5,6,6-octafluorocyclohexene"
567,['337-28-0'],"1-ethoxy-2,2,3,3,3-pentafluoropropan-1-ol"
568,['338-39-6'],"tetrakis(2,2,2-trifluoroethyl) silicate"
569,['338-49-8'],tributyl(fluoro)silane
570,['338-75-0'],"2,3-dichloro-1,1,1-trifluoropropane"
571,['338-76-1'],methyl 2-fluoro-2-methylpropanoate
572,['338-81-8'],"1,1,2,2,3,3,3-heptafluoro-N,N-bis(1,1,2,2,2-pentafluoroethyl)propan-1-amine"
573,['338-84-1'],"1,1,2,2,3,3,4,4,5,5,5-undecafluoro-N,N-bis(1,1,2,2,3,3,4,4,5,5,5-undecafluoropentyl)pentan-1-amine"
574,['339-63-9'],"2-ethoxy-1,1,1-trifluoropropane"
575,['340-05-6'],"2,2,2-trifluoro-1-phenylethanol"
576,['342-24-5'],(2-fluorophenyl)-phenylmethanone
577,['344-65-0'],1-bromo-4-chloro-2-(trifluoromethyl)benzene
578,['345-18-6'],4-chloro-1-fluoro-2-nitrobenzene
579,['348-57-2'],"1-bromo-2,4-difluorobenzene"
580,['348-61-8'],"4-bromo-1,2-difluorobenzene"
581,['348-70-9'],propyl 2-chloro-2-fluoroacetate
582,['349-45-1'],"2-(2-chloro-1,2-difluoroethenyl)sulfanylpropane"
583,['349-75-7'],[3-(trifluoromethyl)phenyl]methanol
584,['349-76-8'],1-[3-(trifluoromethyl)phenyl]ethanone
585,['349-91-7'],trichloro-(4-fluorophenyl)silane
586,['350-92-5'],"1,1,1-trifluoro-3-phenylpropan-2-one"
587,['351-36-0'],N-[3-(trifluoromethyl)phenyl]acetamide
588,['352-11-4'],1-(chloromethyl)-4-fluorobenzene
589,['352-24-9'],"ethyl 4,4-difluoro-3-oxobutanoate"
590,['352-59-0'],"5-chloro-1,1,1-trifluoropentane"
591,['352-67-0'],1-fluoro-4-(trifluoromethoxy)benzene
592,['352-68-1'],1-methyl-4-(trifluoromethylsulfanyl)benzene
593,['352-87-4'],"2,2,2-trifluoroethyl 2-methylprop-2-enoate"
594,['352-91-0'],1-bromo-3-fluoropropane
595,['352-98-7'],2-fluoropropyl acetate
596,['353-46-8'],fluoro(dimethyl)borane
597,['353-81-1'],"2,2-difluorobutane"
598,['354-08-5'],"2-bromo-2,2-difluoroacetic acid"
599,['354-13-2'],"2,2,2-trichloroacetyl fluoride"
600,['354-19-8'],"2,2-dichloro-2-fluoroacetic acid"
601,['354-20-1'],"2-bromo-1-chloro-1,1,2-trifluoroethane"
602,['354-24-5'],"2-chloro-2,2-difluoroacetyl chloride"
603,['354-27-8'],"2-chloro-2,2-difluoroacetyl fluoride"
604,['354-34-7'],"2,2,2-trifluoroacetyl fluoride"
605,['354-48-3'],"1,1,1-tribromo-2,2,2-trifluoroethane"
606,['354-50-7'],"1-bromo-1,1-dichloro-2,2,2-trifluoroethane"
607,['354-61-0'],"1,2-dichloro-1,1,2-trifluoro-2-iodoethane"
608,['354-64-3'],"1,1,1,2,2-pentafluoro-2-iodoethane"
609,['354-65-4'],"1,1,2,2-tetrafluoro-1,2-diiodoethane"
610,['354-69-8'],"1,1,1,2,2-pentafluoro-3-iodopropane"
611,['354-80-3'],"N,N,1,1,2,2,2-heptafluoroethanamine"
612,['354-87-0'],"1,1,2,2,2-pentafluoroethanesulfonyl fluoride"
613,['354-93-8'],"1,1,1,3,3,3-hexafluoro-2-nitroso-2-(trifluoromethyl)propane"
614,['355-03-3'],"1,2,2,3,3,4,4,5,5,6,6-undecafluorocyclohexane-1-sulfonyl fluoride"
615,['355-08-8'],"3,3,4,4,5,5,5-heptafluoropent-1-ene"
616,['355-17-9'],"3,3,4,4,5,5,5-heptafluoropentan-2-one"
617,['355-20-4'],"2,3-dichloro-1,1,1,2,3,4,4,4-octafluorobutane"
618,['355-23-7'],"1,1-dichloro-1,2,2,3,3,4,4,4-octafluorobutane"
619,['355-24-8'],"1,4-dichloro-1,1,2,2,3,3,4,4-octafluorobutane"
620,['355-27-1'],"2,2,3,3,4,4,5,5,5-nonafluoropentan-1-amine"
621,['355-37-3'],"1,1,1,2,2,3,3,4,4,5,5,6,6-tridecafluorohexane"
622,['355-38-4'],"2,2,3,3,4,4,5,5,6,6,6-undecafluorohexanoyl fluoride"
623,['355-41-9'],"1-chloro-1,1,2,2,3,3,4,4,5,5,6,6,6-tridecafluorohexane"
624,['355-43-1'],"1,1,1,2,2,3,3,4,4,5,5,6,6-tridecafluoro-6-iodohexane"
625,['355-46-4'],"1,1,2,2,3,3,4,4,5,5,6,6,6-tridecafluorohexane-1-sulfonic acid"
626,['355-49-7'],"1,1,1,2,2,3,3,4,4,5,5,6,6,7,7,8,8,9,9,10,10,11,11,12,12,13,13,14,14,15,15,16,16,16-tetratriacontafluorohexadecane"
627,['355-70-4'],"1,1,1,2,2,3,3,4,4,5,5,6,7,7-tetradecafluoro-7-methoxyheptane"
628,['355-79-3'],"2,2,3,3,4,4,5,5,6,6-decafluorooxane"
629,['355-86-2'],"tris(2,2,3,3,4,4,5,5-octafluoropentyl) phosphate"
630,['355-94-2'],"5-bromo-1,1,1,2,2,3,3-heptafluoropentane"
631,['356-15-0'],"2,2,3,3-tetrafluorobutanedioyl dichloride"
632,['356-28-5'],"ethenyl 2,2,3,3,4,4,4-heptafluorobutanoate"
633,['356-42-3'],"2,2,3,3,3-pentafluoropropanoyl 2,2,3,3,3-pentafluoropropanoate"
634,['356-81-0'],"2,2,3,3-tetrafluorocyclobutane-1-carbonitrile"
635,['357-47-1'],"ethenyl 2,2,3,3,3-pentafluoropropanoate"
636,['357-57-3'],"(4aR,5aS,8aR,13aS,15aS,15bR)-10,11-dimethoxy-4a,5,5a,7,8,13a,15,15a,15b,16-decahydro-2H-4,6-methanoindolo[3,2,1-ij]oxepino[2,3,4-de]pyrrolo[2,3-h]quinolin-14-one"
637,['358-06-5'],diethyl(difluoro)silane
638,['358-21-4'],"1,1,1,2,2-pentafluoro-2-(1,1,2,2,2-pentafluoroethoxy)ethane"
639,['358-43-0'],triethyl(fluoro)silane
640,['358-67-8'],"dimethoxy-methyl-(3,3,3-trifluoropropyl)silane"
641,['358-68-9'],"3,3-difluorohexane"
642,['358-74-7'],1-[ethoxy(fluoro)phosphoryl]oxyethane
643,['358-97-4'],"1,2-dibromo-1-fluoroethane"
644,['358-98-5'],"(E)-1,2-dibromo-1-fluoroethene"
645,['359-04-6'],"1-chloro-1,2-difluoroethene"
646,['359-05-7'],2-chloro-2-fluoroacetonitrile
647,['359-07-9'],"2-bromo-1,1-difluoroethane"
648,['359-08-0'],"2-bromo-1,1-difluoroethene"
649,['359-12-6'],"2,2-difluoroacetonitrile"
650,['359-15-9'],difluoro(methoxy)methane
651,['359-26-2'],1-chloro-1-fluoro-2-methylpropane
652,['359-29-5'],"1,1,2-trichloro-2-fluoroethene"
653,['359-32-0'],2-chloro-2-fluoroacetyl chloride
654,['359-37-5'],"1,1,2-trifluoro-2-iodoethene"
655,['359-40-0'],oxalyl difluoride
656,['359-41-1'],2-(trifluoromethyl)oxirane
657,['359-70-6'],"1,1,2,2,2-pentafluoro-N,N-bis(1,1,2,2,2-pentafluoroethyl)ethanamine"
658,['359-71-7'],"2,2,3,3,4,4,5,5,6,6-decafluoro-1-(trifluoromethyl)piperidine"
659,['360-11-2'],[difluoro(phenyl)methyl]benzene
660,['360-33-8'],"1,1,1-trifluorohexan-2-ol"
661,['360-34-9'],"1,1,1-trifluorohexan-2-one"
662,['360-52-1'],"1,1,3,3-tetrafluoropropan-2-one"
663,['360-53-2'],"1,3,3,3-tetrafluoro-1-methoxy-2-(trifluoromethyl)prop-1-ene"
664,['360-54-3'],"methyl 3,3,3-trifluoro-2-(trifluoromethyl)propanoate"
665,['360-58-7'],"1-ethoxy-1,3,3,3-tetrafluoro-2-(trifluoromethyl)prop-1-ene"
666,['360-88-3'],"(E)-1,4-dichloro-1,1,2,3,4,4-hexafluorobut-2-ene"
667,['363-81-5'],"2,4,6-trifluoroaniline"
668,['363-96-2'],4-ethoxy-1-nitro-2-(trifluoromethyl)benzene
669,['364-74-9'],"1,4-difluoro-2-nitrobenzene"
670,['367-22-6'],4-chloro-3-fluoroaniline
671,['367-27-1'],"2,4-difluorophenol"
672,['367-46-4'],fluoro(dimethoxy)borane
673,['368-35-4'],"butyl 2,2-difluoroacetate"
674,['368-48-9'],2-(trifluoromethyl)pyridine
675,['368-66-1'],"2,4,6-tris(trifluoromethyl)-1,3,5-triazine"
676,['368-84-3'],"4-methyl-2-(trifluoromethyl)-4H-1,3-oxazol-5-one"
677,['368-94-5'],4-(trifluoromethyl)benzoyl fluoride
678,['369-33-5'],"1-(3,4-difluorophenyl)ethanone"
679,['370-47-8'],1-nitro-3-(trifluoromethylsulfanyl)benzene
680,['370-69-4'],"tris(2,2,2-trifluoroethyl) phosphite"
681,['371-27-7'],"2,2,2-trifluoroethyl butanoate"
682,['371-42-6'],4-fluorobenzenethiol
683,['371-49-3'],butyl 2-fluoroacetate
684,['371-69-7'],fluorosulfonyloxyethane
685,['371-89-1'],1-chloro-1-fluorocyclohexane
686,['372-66-7'],6-amino-2-methylheptan-2-ol
687,['372-80-5'],hexanoyl fluoride
688,['372-90-7'],"1,4-difluorobutane"
689,['372-96-3'],1-ethoxy-2-fluoroethane
690,['373-02-4'],nickel(2+);diacetate
691,['373-15-9'],6-fluorohex-1-ene
692,['373-34-2'],1-fluoro-5-methoxypentane
693,['373-53-5'],fluoro(iodo)methane
694,['373-64-8'],difluoro(methyl)borane
695,['373-80-8'],pentafluoro(trifluoromethyl)-lambda6-sulfane
696,['373-91-1'],trifluoromethyl hypofluorite
697,['373-96-6'],"2,2-difluoropropanoic acid"
698,['374-01-6'],"1,1,1-trifluoropropan-2-ol"
699,['374-10-7'],trifluoro(trifluoromethyl)-lambda4-sulfane
700,['374-27-6'],"3,3,4,4,4-pentafluorobut-1-ene"
701,['374-35-6'],"3,3,3-trifluoro-2-hydroxy-2-methylpropanoic acid"
702,['374-40-3'],"3,3,4,4,4-pentafluorobutan-2-ol"
703,['374-41-4'],"3,3,4,4,4-pentafluorobutan-2-one"
704,['374-60-7'],"1,1,2,2,3,3,4,4,5,5,6-undecafluoro-6-(1,1,2,2,3,3,4,4,4-nonafluorobutyl)cyclohexane"
705,['374-77-6'],"1,1,2,2,3,4,4,5,5,6-decafluoro-3,6-bis(trifluoromethyl)cyclohexane"
706,['374-91-4'],"2,2,3,3,4,4,5-heptafluoro-5-(1,1,2,2,3,3,4,4,5,5,5-undecafluoropentyl)oxolane"
707,['374-98-1'],"1,1,1,2,2,3,3-heptafluoro-4-iodobutane"
708,['374-99-2'],"2,2,3,3,4,4,4-heptafluorobutan-1-amine"
709,['375-00-8'],"2,2,3,3,4,4,4-heptafluorobutanenitrile"
710,['375-02-0'],"2,2,3,3,4,4,4-heptafluorobutanal"
711,['375-14-4'],"3,3,4,4,5,5,5-heptafluoropentan-2-ol"
712,['375-34-8'],"2,2,3,3-tetrachloro-1,1,1,4,4,4-hexafluorobutane"
713,['375-45-1'],"1,2,3,4-tetrachloro-1,1,2,3,4,4-hexafluorobutane"
714,['375-50-8'],"1,1,2,2,3,3,4,4-octafluoro-1,4-diiodobutane"
715,['375-62-2'],"2,2,3,3,4,4,5,5,5-nonafluoropentanoyl fluoride"
716,['375-72-4'],"1,1,2,2,3,3,4,4,4-nonafluorobutane-1-sulfonyl fluoride"
717,['375-73-5'],"1,1,2,2,3,3,4,4,4-nonafluorobutane-1-sulfonic acid"
718,['375-81-5'],"1,1,2,2,3,3,4,4,5,5,5-undecafluoropentane-1-sulfonyl fluoride"
719,['375-82-6'],"2,2,3,3,4,4,5,5,6,6,7,7,7-tridecafluoroheptan-1-ol"
720,['375-84-8'],"2,2,3,3,4,4,5,5,6,6,7,7,7-tridecafluoroheptanoyl fluoride"
721,['375-85-9'],"2,2,3,3,4,4,5,5,6,6,7,7,7-tridecafluoroheptanoic acid"
722,['375-88-2'],"1-bromo-1,1,2,2,3,3,4,4,5,5,6,6,7,7,7-pentadecafluoroheptane"
723,['375-97-3'],"1,1,1,2,2,3,3,4,4,5,5,6,6,7,7,8,8,9,9,10,10-henicosafluorodecane"
724,['376-22-7'],"1,1,2,3,3,4,4,5,5,6,6,7,7,8,8,9,9,9-octadecafluoronon-1-ene"
725,['376-50-1'],"diethyl 2,2,3,3,4,4,5,5-octafluorohexanedioate"
726,['376-53-4'],"2,2,3,3,4,4,5,5-octafluorohexanedinitrile"
727,['376-68-1'],"3,3,4,4,5,5-hexafluorooxane-2,6-dione"
728,['376-71-6'],"2,2,3,3,4,4,5,5-octafluoropentanoyl chloride"
729,['376-72-7'],"2,2,3,3,4,4,5,5-octafluoropentanoic acid"
730,['376-73-8'],"2,2,3,3,4,4-hexafluoropentanedioic acid"
731,['376-77-2'],"1,1,2,2,3,3,4,4,5,5-decafluorocyclopentane"
732,['376-87-4'],"1,1,2,3,3,4,4,5,5,5-decafluoropent-1-ene"
733,['376-89-6'],"2,2,3,3,4,4-hexafluoropentanedinitrile"
734,['377-73-1'],"2,2,3,3-tetrafluoro-3-(trifluoromethoxy)propanoic acid"
735,['378-03-0'],"2,2,3,3-tetrafluoro-3-(1,1,2,2,3,3,3-heptafluoropropoxy)propanoic acid"
736,['378-17-6'],"(2,2,3,3-tetrafluorocyclobutyl)methanol"
737,['378-72-3'],"1,1,1,2,2-pentafluoropentan-3-one"
738,['378-81-4'],"4-chloro-1,1,2,3,3,4,4-heptafluorobut-1-ene"
739,['380-66-5'],"2,2,2-trifluoro-N-(1,1,2,2,2-pentafluoroethyl)ethanimidoyl fluoride"
740,['380-79-0'],"2,2-dichloro-1-ethoxy-1,1-difluoroethane"
741,['380-94-9'],"2-methyl-2,4,6-tris(trifluoromethyl)pyran"
742,['381-67-9'],2-methylprop-2-enoyl fluoride
743,['381-84-0'],2-(trifluoromethyl)prop-2-enenitrile
744,['381-85-1'],"1,2-dichloro-3,3-difluorobutane"
745,['381-98-6'],2-(trifluoromethyl)prop-2-enoic acid
746,['382-01-4'],"3-bromo-1,1,1-trifluorobutan-2-one"
747,['382-03-6'],"1,1,1-trifluoro-3-methylbutan-2-one"
748,['382-10-5'],"3,3,3-trifluoro-2-(trifluoromethyl)prop-1-ene"
749,['382-12-7'],"3,3-dibromo-1,1,1-trifluorobutan-2-one"
750,['382-26-3'],"2-[difluoro(methoxy)methyl]-1,1,1,3,3,3-hexafluoropropane"
751,['382-28-5'],"2,2,3,3,5,5,6,6-octafluoro-4-(trifluoromethyl)morpholine"
752,['382-31-0'],"2,2,3,4,4,4-hexafluorobutan-1-ol"
753,['382-34-3'],"1,1,1,2,3,3-hexafluoro-3-methoxypropane"
754,['382-93-4'],"methyl 2,3,3,3-tetrafluoropropanoate"
755,['383-13-1'],"4-(1,1,2,2,2-pentafluoroethyl)benzoic acid"
756,['383-61-9'],"ethyl 2,2-dichloro-2-fluoroacetate"
757,['383-62-0'],"ethyl 2-chloro-2,2-difluoroacetate"
758,['383-67-5'],"prop-2-enyl 2,2,2-trifluoroacetate"
759,['383-68-6'],"(2-bromo-3,3,3-trifluoropropyl) acetate"
760,['384-51-0'],"(E)-2,3-dibromo-1,1,1,4,4,4-hexafluorobut-2-ene"
761,['384-54-3'],"2,3-dichloro-1,1,1,4,4,4-hexafluorobutane"
762,['387-45-1'],2-chloro-6-fluorobenzaldehyde
763,['392-41-6'],"methyl 2,3,3-trifluoroprop-2-enoate"
764,['392-42-7'],"2-chloro-1,1,3,4,4-pentafluorobuta-1,3-diene"
765,['392-52-9'],"1,1,2,3,4,5,6,6-octafluorohexa-1,3,5-triene"
766,['392-68-7'],"ethyl 2,3,3-trifluoroprop-2-enoate"
767,['393-05-5'],"1,2,4-tris(trifluoromethyl)benzene"
768,['393-38-4'],"1,4-difluoro-2-(trifluoromethyl)benzene"
769,['393-52-2'],2-fluorobenzoyl chloride
770,['393-83-9'],"2-(difluoromethyl)-1,4-bis(trifluoromethyl)benzene"
771,['394-35-4'],methyl 2-fluorobenzoate
772,['394-65-0'],1-fluoroisoquinoline
773,['395-64-2'],"2,5-bis(trifluoromethyl)benzaldehyde"
774,['396-64-5'],1-fluoro-3-(3-fluorophenyl)benzene
775,['399-31-5'],N-(2-fluorophenyl)acetamide
776,['400-05-5'],"1,4-dichloro-2,5-difluorobenzene"
777,['400-38-4'],"propan-2-yl 2,2,2-trifluoroacetate"
778,['400-44-2'],"(Z)-2-chloro-1,1,1,4,4,4-hexafluorobut-2-ene"
779,['400-53-3'],"trimethylsilyl 2,2,2-trifluoroacetate"
780,['400-54-4'],"1,1,1-trifluorohexane-2,4-dione"
781,['400-55-5'],"1-cyanoethenyl 2,2,2-trifluoroacetate"
782,['400-99-7'],2-nitro-4-(trifluoromethyl)phenol
783,['401-75-2'],trifluoromethylcyclohexane
784,['401-79-6'],1-methyl-3-(trifluoromethyl)benzene
785,['402-54-0'],1-nitro-4-(trifluoromethyl)benzene
786,['402-64-2'],1-(dichloromethyl)-3-fluorobenzene
787,['403-33-8'],methyl 4-fluorobenzoate
788,['403-43-0'],4-fluorobenzoyl chloride
789,['403-54-3'],3-fluorobenzonitrile
790,['404-24-0'],"2,2,2-trifluoro-N-phenylacetamide"
791,['405-50-5'],2-(4-fluorophenyl)acetic acid
792,['406-10-0'],"ethyl (E)-4,4,4-trifluorobut-2-enoate"
793,['406-39-3'],"(E)-1,1,1-trifluorobut-2-ene"
794,['406-41-7'],"1,1,1-trifluorobut-2-yne"
795,['406-78-0'],"1,1,2,2-tetrafluoro-1-(2,2,2-trifluoroethoxy)ethane"
796,['406-90-6'],"2-ethenoxy-1,1,1-trifluoroethane"
797,['407-01-2'],"2,2,2-trifluoro-N-(2,2,2-trifluoroethyl)ethanamine"
798,['407-16-9'],1-chloro-4-(trifluoromethylsulfanyl)benzene
799,['407-22-7'],2-fluoro-6-methylpyridine
800,['407-24-9'],"2,2,2-trifluoro-N-(2,2,2-trifluoroacetyl)acetamide"
801,['407-38-5'],"2,2,2-trifluoroethyl 2,2,2-trifluoroacetate"
802,['407-47-6'],"2,2,2-trifluoroethyl prop-2-enoate"
803,['407-59-0'],"1,1,1,4,4,4-hexafluorobutane"
804,['407-60-3'],"(E)-1,1,1,4,4,4-hexafluorobut-2-ene"
805,['407-97-6'],1-bromo-5-fluoropentane
806,['408-38-8'],1-fluorohexadecane
807,['409-02-9'],None
808,['420-44-0'],2-chloro-2-fluoropropane
809,['420-47-3'],None
810,['420-48-4'],dichloro-fluoro-iodomethane
811,['420-97-3'],"1,2-dichloro-2-fluoropropane"
812,['420-99-5'],"1-chloro-2,2-difluoropropane"
813,['421-01-2'],"2-bromo-1-chloro-1,1-difluoroethane"
814,['421-41-0'],"1,1,2-trichloro-1-fluoropropane"
815,['421-49-8'],"1,1,1-trifluoropropan-2-amine"
816,['421-53-4'],"2,2,2-trifluoroethane-1,1-diol"
817,['421-70-5'],"1-bromo-1,1,2,2-tetrafluoro-2-iodoethane"
818,['422-02-6'],"3-chloro-1,1,1,2,2-pentafluoropropane"
819,['422-03-7'],"2,2,3,3,3-pentafluoropropan-1-amine"
820,['422-04-8'],"2,2,3,3,3-pentafluoropropanenitrile"
821,['422-05-9'],"2,2,3,3,3-pentafluoropropan-1-ol"
822,['422-06-0'],"2,2,3,3,3-pentafluoropropanal"
823,['422-26-4'],"1,1,1,2,2,3-hexachloro-3-fluoropropane"
824,['422-44-6'],"1,2-dichloro-1,1,2,3,3-pentafluoropropane"
825,['422-48-0'],"2,3-dichloro-1,1,1,2,3-pentafluoropropane"
826,['422-49-1'],"1,1,1,3,3-pentachloro-2,2-difluoropropane"
827,['422-51-5'],"1,1,1-trichloro-2,2,3,3-tetrafluoropropane"
828,['422-54-8'],"1,3,3-trichloro-1,1,2,2-tetrafluoropropane"
829,['422-55-9'],"1-chloro-1,1,2,2,3,3-hexafluoropropane"
830,['422-57-1'],"3-chloro-1,1,1,2,2,3-hexafluoropropane"
831,['422-59-3'],"2,2,3,3,3-pentafluoropropanoyl chloride"
832,['422-61-7'],"2,2,3,3,3-pentafluoropropanoyl fluoride"
833,['422-63-9'],None
834,['422-64-0'],"2,2,3,3,3-pentafluoropropanoic acid"
835,['422-69-5'],"dichloro-methyl-(1,1,2,2-tetrafluoroethyl)silane"
836,['422-77-5'],"2-bromo-1,1,1,2,3,3,3-heptafluoropropane"
837,['422-78-6'],"1,1,1,2,2,3,3-heptachloro-3-fluoropropane"
838,['422-85-5'],"1-bromo-1,1,2,2,3,3,3-heptafluoropropane"
839,['422-86-6'],"1-chloro-1,1,2,2,3,3,3-heptafluoropropane"
840,['423-01-8'],bis(trifluoromethyl)phosphoryl-trifluoromethane
841,['423-39-2'],"1,1,1,2,2,3,3,4,4-nonafluoro-4-iodobutane"
842,['423-50-7'],"1,1,2,2,3,3,4,4,5,5,6,6,6-tridecafluorohexane-1-sulfonyl fluoride"
843,['423-55-2'],"1-bromo-1,1,2,2,3,3,4,4,5,5,6,6,7,7,8,8,8-heptadecafluorooctane"
844,['423-60-9'],"1,1,2,2,3,3,4,4,5,5,6,6,7,7,8,8,8-heptadecafluorooctane-1-sulfonyl chloride"
845,['423-62-1'],"1,1,1,2,2,3,3,4,4,5,5,6,6,7,7,8,8,9,9,10,10-henicosafluoro-10-iododecane"
846,['423-66-5'],"1,1,1,2,2,3,3,4,4,5,5,6,6,7,7,8,8,9,9,10,10,11,11,12,12,13,13-heptacosafluorotridecane"
847,['424-18-0'],"methyl 2,2,3,3,4,4,5,5,6,6,6-undecafluorohexanoate"
848,['425-38-7'],"2,2,3,3-tetrafluoro-3-(trifluoromethoxy)propanoyl fluoride"
849,['425-87-6'],"2-chloro-1,1,2-trifluoro-1-methoxyethane"
850,['425-88-7'],"1,1,2,2-tetrafluoro-1-methoxyethane"
851,['425-94-5'],"1,2-dichloro-1,2,3,3-tetrafluoropropane"
852,['426-66-4'],"1,1,1,2,2-pentafluoroheptan-3-one"
853,['428-61-5'],"1-bromo-2,2-difluorobutane"
854,['428-76-2'],trifluoro(trifluoromethylsulfonylmethylsulfonyl)methane
855,['428-92-2'],"2-chloro-1-(chloromethoxy)-1,1,2-trifluoroethane"
856,['429-30-1'],"triethylstannyl 2,2,2-trifluoroacetate"
857,['429-60-7'],"trimethoxy(3,3,3-trifluoropropyl)silane"
858,['429-72-1'],"[methyl-bis[(2,2,2-trifluoroacetyl)oxy]silyl] 2,2,2-trifluoroacetate"
859,['430-49-9'],None
860,['430-50-2'],1-fluoropropan-2-ol
861,['430-58-0'],"(E)-1,2-dichloro-1-fluoroethene"
862,['430-67-1'],"2,2-difluoroethanamine"
863,['430-85-3'],"1,1-dibromo-2,2-difluoroethene"
864,['430-92-2'],2-methylpropanoyl fluoride
865,['430-93-3'],"2-chloro-1,1-difluoropropane"
866,['431-05-0'],"1,1-difluoropropan-2-one"
867,['431-10-7'],2-chloro-2-oxoacetyl fluoride
868,['431-21-0'],"2,3-dibromo-1,1,1-trifluoropropane"
869,['431-22-1'],"(Z)-1,2-dibromo-3,3,3-trifluoroprop-1-ene"
870,['431-23-2'],"3,3,3-trifluoro-2-methylpropan-1-ol"
871,['431-31-2'],"1,1,1,2,3-pentafluoropropane"
872,['431-35-6'],"3-bromo-1,1,1-trifluoropropan-2-one"
873,['431-46-9'],"2,2,2-trifluoro-1-methoxyethanol"
874,['431-49-2'],"2-bromo-1,1,3,3,3-pentafluoroprop-1-ene"
875,['431-52-7'],"1,1,2-trichloro-3,3,3-trifluoroprop-1-ene"
876,['431-53-8'],"1,2-dichloro-1,3,3,3-tetrafluoroprop-1-ene"
877,['431-65-2'],"1,1,2,3,3-pentafluoro-3-iodoprop-1-ene"
878,['431-76-5'],methyl-bis(trifluoromethyl)arsane
879,['431-79-8'],"1,1,1,2,3,3-hexachloro-3-fluoropropane"
880,['431-86-7'],"1,2-dichloro-1,1,3,3,3-pentafluoropropane"
881,['432-08-6'],"1,1,2,2,3,3,4,4,5,5,6,6,6-tridecafluoro-N,N-bis(1,1,2,2,3,3,4,4,5,5,6,6,6-tridecafluorohexyl)hexan-1-amine"
882,['432-89-3'],"(1-chloro-1,2,2-trifluoroethyl)benzene"
883,['433-27-2'],"1-ethoxy-2,2,2-trifluoroethanol"
884,['433-28-3'],"ethenyl 2,2,2-trifluoroacetate"
885,['433-53-4'],"methyl 2,2-difluoroacetate"
886,['433-95-4'],"1,2-bis(trifluoromethyl)benzene"
887,['437-81-0'],"2,6-difluorobenzaldehyde"
888,['440-60-8'],"(2,3,4,5,6-pentafluorophenyl)methanol"
889,['443-82-3'],"1-fluoro-2,3-dimethylbenzene"
890,['443-84-5'],"1,3-difluoro-2-methylbenzene"
891,['443-87-8'],3-fluoro-2-methylphenol
892,['443-88-9'],"2-fluoro-1,3-dimethylbenzene"
893,['444-31-5'],2-methylbenzenesulfonyl fluoride
894,['445-01-2'],4-bromo-1-chloro-2-(trifluoromethyl)benzene
895,['445-13-6'],3-chloro-4-(trifluoromethyl)aniline
896,['445-14-7'],5-chloro-2-(trifluoromethyl)aniline
897,['445-69-2'],"benzene-1,2-dicarbonyl fluoride"
898,['446-10-6'],4-fluoro-1-methyl-2-nitrobenzene
899,['446-49-1'],1-ethyl-2-fluorobenzene
900,['447-60-9'],2-(trifluoromethyl)benzonitrile
901,['447-94-9'],"2-methoxy-1,4-bis(trifluoromethyl)benzene"
902,['451-80-9'],1-ethoxy-2-fluorobenzene
903,['451-81-0'],2-(2-fluorophenyl)acetyl chloride
904,['452-10-8'],"2,4-difluoro-1-methoxybenzene"
905,['452-62-0'],2-bromo-1-fluoro-4-methylbenzene
906,['452-63-1'],1-bromo-4-fluoro-2-methylbenzene
907,['452-64-2'],"4-fluoro-1,2-dimethylbenzene"
908,['452-65-3'],"1-fluoro-2,4-dimethylbenzene"
909,['452-66-4'],4-chloro-1-fluoro-2-methylbenzene
910,['452-67-5'],"1,4-difluoro-2-methylbenzene"
911,['452-73-3'],2-chloro-4-fluoro-1-methylbenzene
912,['452-74-4'],1-bromo-2-fluoro-4-methylbenzene
913,['452-75-5'],4-chloro-2-fluoro-1-methylbenzene
914,['452-76-6'],"2,4-difluoro-1-methylbenzene"
915,['452-77-7'],3-fluoro-4-methylaniline
916,['452-78-8'],3-fluoro-4-methylphenol
917,['452-83-5'],2-chloro-5-fluoroaniline
918,['453-11-2'],1-chloro-3-fluoropropan-2-ol
919,['453-14-5'],"1,3-difluoropropan-2-one"
920,['453-18-9'],methyl 2-fluoroacetate
921,['453-41-8'],"1,1,1-trifluoroheptan-2-one"
922,['453-43-0'],"1,1,1-trifluorooctan-2-ol"
923,['454-78-4'],2-bromo-1-chloro-4-(trifluoromethyl)benzene
924,['454-89-7'],3-(trifluoromethyl)benzaldehyde
925,['454-90-0'],1-methoxy-3-(trifluoromethyl)benzene
926,['454-92-2'],3-(trifluoromethyl)benzoic acid
927,['454-93-3'],3-fluorosulfonylbenzoyl chloride
928,['455-14-1'],4-(trifluoromethyl)aniline
929,['455-16-3'],4-methylbenzenesulfonyl fluoride
930,['455-17-4'],(4-fluorophenyl)-trimethylsilane
931,['455-36-7'],1-(3-fluorophenyl)ethanone
932,['455-68-5'],methyl 3-fluorobenzoate
933,['456-04-2'],2-chloro-1-(4-fluorophenyl)ethanone
934,['456-42-8'],1-(chloromethyl)-3-fluorobenzene
935,['456-47-3'],(3-fluorophenyl)methanol
936,['456-55-3'],trifluoromethoxybenzene
937,['456-56-4'],trifluoromethylsulfanylbenzene
938,['457-68-1'],1-fluoro-4-[(4-fluorophenyl)methyl]benzene
939,['457-87-4'],N-ethyl-1-phenylpropan-2-amine
940,['458-03-7'],1-ethoxy-3-fluorobenzene
941,['458-35-5'],4-[(E)-3-hydroxyprop-1-enyl]-2-methoxyphenol
942,['458-92-4'],difluoromethoxybenzene
943,['459-26-7'],1-ethoxy-4-fluorobenzene
944,['459-47-2'],1-ethyl-4-fluorobenzene
945,['459-99-4'],2-fluoroethyl 2-fluoroacetate
946,['460-11-7'],(E)-1-bromo-2-fluoroethene
947,['460-16-2'],(E)-1-chloro-2-fluoroethene
948,['460-36-6'],"1,1,1,3-tetrafluoropropane"
949,['460-37-7'],"1,1,1-trifluoro-3-iodopropane"
950,['460-39-9'],"3,3,3-trifluoropropan-1-amine"
951,['460-40-2'],"3,3,3-trifluoropropanal"
952,['460-44-6'],"(2-chloro-2,2-difluoroethyl) thiohypochlorite"
953,['460-52-6'],1-difluorophosphoryloxyethane
954,['460-60-6'],"1,3-dibromo-1,1,3-trifluoropropane"
955,['460-63-9'],"1,3,3-trichloro-1,1-difluoropropane"
956,['460-66-2'],"3-bromo-3-chloro-1,1,1-trifluoropropane"
957,['460-69-5'],"3,3-dichloro-1,1,1-trifluoropropane"
958,['460-70-8'],"1,1-dichloro-3,3,3-trifluoroprop-1-ene"
959,['460-71-9'],"(Z)-1-chloro-1,3,3,3-tetrafluoroprop-1-ene"
960,['460-89-9'],"1,1,1,3-tetrachloro-3,3-difluoropropane"
961,['460-92-4'],"1-chloro-1,1,3,3,3-pentafluoropropane"
962,['461-17-6'],"1,1,1-trifluoro-4-iodobutane"
963,['461-18-7'],"4,4,4-trifluorobutan-1-ol"
964,['461-24-5'],"2-ethoxy-1,1,1-trifluoroethane"
965,['461-35-8'],"1,1,1-trifluoro-3-nitropropane"
966,['461-51-8'],"3,3-difluoroprop-2-enenitrile"
967,['461-53-0'],butanoyl fluoride
968,['461-57-4'],"1,1-difluoro-2-methoxyethane"
969,['461-81-4'],1-chloro-4-(trifluoromethoxy)benzene
970,['461-87-0'],2-fluoro-4-methylpyridine
971,['461-91-6'],"1-bromo-3,5-difluorobenzene"
972,['461-96-1'],"1-bromo-3,5-difluorobenzene"
973,['462-26-0'],2-fluoroethyl acetate
974,['462-27-1'],2-fluoroethyl carbonochloridate
975,['462-43-1'],3-fluoropropan-1-ol
976,['462-72-6'],1-bromo-4-fluorobutane
977,['462-73-7'],1-chloro-4-fluorobutane
978,['463-18-3'],1-fluorononane
979,['463-40-1'],"(9Z,12Z,15Z)-octadeca-9,12,15-trienoic acid"
980,['464-07-3'],"3,3-dimethylbutan-2-ol"
981,['464-14-2'],"1,1,2,2-tetrafluoroethanesulfonic acid"
982,['464-45-9'],"(1S,2R,4S)-1,7,7-trimethylbicyclo[2.2.1]heptan-2-ol"
983,['465-28-1'],"(3R,3aS,8aR)-6,8a-dimethyl-3-propan-2-yl-1,2,3,4,5,8-hexahydroazulen-3a-ol"
984,['466-40-0'],"6-(dimethylamino)-5-methyl-4,4-diphenylhexan-3-one"
985,['466-49-9'],"1-[(1R,9R,12R,19R)-12-ethyl-6-methoxy-8,16-diazapentacyclo[10.6.1.01,9.02,7.016,19]nonadeca-2(7),3,5-trien-8-yl]ethanone"
986,['467-85-6'],"6-(dimethylamino)-4,4-diphenylhexan-3-one"
987,['468-10-0'],"(1R,9R,10R)-17-azatetracyclo[7.5.3.01,10.02,7]heptadeca-2,4,6-triene"
988,['468-61-1'],2-[2-(diethylamino)ethoxy]ethyl 2-ethyl-2-phenylbutanoate
989,['468-76-8'],"2-(dimethylamino)ethyl (2E)-2-[(1R,4aS,4bR,7S,8aR,10aS)-7-hydroxy-1,4b,8,8-tetramethyl-10-oxo-1,3,4,4a,5,6,7,8a,9,10a-decahydrophenanthren-2-ylidene]acetate"
990,['469-81-8'],ethyl 1-(2-morpholin-4-ylethyl)-4-phenylpiperidine-4-carboxylate
991,['470-40-6'],"(1aS,4aS,8aS)-2,4a,8,8-tetramethyl-1,1a,4,5,6,7-hexahydrocyclopropa[j]naphthalene"
992,['470-90-6'],"[2-chloro-1-(2,4-dichlorophenyl)ethenyl] diethyl phosphate"
993,['471-01-2'],"3,5,5-trimethylcyclohex-3-en-1-one"
994,['471-10-3'],"3-chloro-3,7-dimethylocta-1,6-diene"
995,['471-12-5'],4-methyl-1-propan-2-ylbicyclo[3.1.0]hexane
996,['471-15-8'],"(1S,4S,5R)-4-methyl-1-propan-2-ylbicyclo[3.1.0]hexan-3-one"
997,['471-25-0'],prop-2-ynoic acid
998,['471-44-3'],2-chloro-2-fluoroacetic acid
999,['471-84-1'],"7,7-dimethyl-2-methylidenebicyclo[2.2.1]heptane"
1000,['473-61-0'],"2,6,6-trimethylbicyclo[3.1.1]heptan-3-ol"
1001,['473-67-6'],"4,6,6-trimethylbicyclo[3.1.1]hept-3-en-2-ol"
1002,['473-91-6'],"1,2,3-trimethylcyclopentene"
1003,['479-27-6'],"naphthalene-1,8-diamine"
1004,['479-81-2'],2-(diethylamino)ethyl 2-phenyl-2-piperidin-1-ylacetate
1005,['480-20-6'],"(2R,3R)-3,5,7-trihydroxy-2-(4-hydroxyphenyl)-2,3-dihydrochromen-4-one"
1006,['480-75-1'],"4-(1-chloroethyl)-4,7-dihydroxy-6,7-dimethyl-2,9-dioxa-14-azatricyclo[9.5.1.014,17]heptadec-11-ene-3,8-dione"
1007,['481-05-0'],"(3S,3aR,4S,5aS,9bS)-4-hydroxy-3,5a,9-trimethyl-3a,4,5,9b-tetrahydro-3H-benzo[g][1]benzofuran-2,8-dione"
1008,['481-42-5'],"5-hydroxy-2-methylnaphthalene-1,4-dione"
1009,['482-15-5'],"N,N-dimethyl-1-pyrido[3,2-b][1,4]benzothiazin-10-ylpropan-2-amine"
1010,['483-63-6'],(E)-N-ethyl-N-(2-methylphenyl)but-2-enamide
1011,['484-17-3'],phenanthren-9-ol
1012,['485-43-8'],"(4S,4aS,7S,7aR)-4,7-dimethyl-4,4a,5,6,7,7a-hexahydro-1H-cyclopenta[c]pyran-3-one"
1013,['486-16-8'],"2-[(4-chlorophenyl)-pyridin-2-ylmethoxy]-N,N-dimethylethanamine"
1014,['486-34-0'],"1,2,7-trimethylnaphthalene"
1015,['486-56-6'],(5S)-1-methyl-5-pyridin-3-ylpyrrolidin-2-one
1016,['486-89-5'],"(1R,9R,10R)-7,15-diazatetracyclo[7.7.1.02,7.010,15]heptadeca-2,4-dien-6-one"
1017,['487-11-6'],"1,2,3-trimethoxy-5-prop-2-enylbenzene"
1018,['487-19-4'],3-(1-methylpyrrol-2-yl)pyridine
1019,['488-93-7'],furan-3-carboxylic acid
1020,['488-97-1'],"1,3,3-trimethyltricyclo[2.2.1.02,6]heptane"
1021,['489-20-3'],"1,2-dimethyl-3-propan-2-ylcyclopentane"
1022,['489-84-9'],"1,4-dimethyl-7-propan-2-ylazulene"
1023,['490-03-9'],2-hydroxy-3-methyl-6-propan-2-ylcyclohex-2-en-1-one
1024,['490-10-8'],"4,7-dimethyl-5,6,7,7a-tetrahydro-4aH-cyclopenta[c]pyran-1-one"
1025,['490-46-0'],"(2R,3R)-2-(3,4-dihydroxyphenyl)-3,4-dihydro-2H-chromene-3,5,7-triol"
1026,['491-33-8'],quinoline-8-thiol
1027,['491-34-9'],"1-methyl-3,4-dihydro-2H-quinoline"
1028,['491-92-9'],"1-N,1-N-diethyl-4-N-(6-methoxyquinolin-8-yl)pentane-1,4-diamine"
1029,['492-37-5'],2-phenylpropanoic acid
1030,['492-80-8'],"4-[4-(dimethylamino)benzenecarboximidoyl]-N,N-dimethylaniline"
1031,['493-48-1'],"(1S)-6,7-dimethoxy-1-methyl-1,2,3,4-tetrahydroisoquinoline"
1032,['493-78-7'],"N,N-dimethyl-N'-phenyl-N'-(thiophen-2-ylmethyl)ethane-1,2-diamine"
1033,['493-80-1'],N-benzyl-N-(2-pyrrolidin-1-ylethyl)aniline
1034,['493-92-5'],1-(1-phenylpentan-2-yl)pyrrolidine
1035,['494-12-2'],"2-phenyl-3,4-dihydro-2H-chromene"
1036,['495-62-5'],(4Z)-1-methyl-4-(6-methylhept-5-en-2-ylidene)cyclohexene
1037,['495-76-1'],"1,3-benzodioxol-5-ylmethanol"
1038,['496-03-7'],2-ethyl-3-hydroxyhexanal
1039,['496-14-0'],"1,3-dihydro-2-benzofuran"
1040,['496-31-1'],3H-1-benzothiophen-2-one
1041,['496-49-1'],1-[(2R)-1-methylpyrrolidin-2-yl]propan-2-one
1042,['497-06-3'],"but-3-ene-1,2-diol"
1043,['497-23-4'],2H-furan-5-one
1044,['497-37-0'],"(1S,2S,4R)-bicyclo[2.2.1]heptan-2-ol"
1045,['498-23-7'],(Z)-2-methylbut-2-enedioic acid
1046,['498-62-4'],thiophene-3-carbaldehyde
1047,['499-69-4'],"(1R,2R,5R)-2-methyl-5-propan-2-ylcyclohexan-1-ol"
1048,['499-70-7'],2-methyl-5-propan-2-ylcyclohexan-1-one
1049,['499-74-1'],6-methyl-3-propan-2-ylcyclohex-2-en-1-one
1050,['499-94-5'],(4S)-1-methyl-4-propan-2-ylcyclohexene
1051,['500-00-5'],4-methyl-1-propan-2-ylcyclohexene
1052,['500-64-1'],"(2R)-4-methoxy-2-[(E)-2-phenylethenyl]-2,3-dihydropyran-6-one"
1053,['500-66-3'],"5-pentylbenzene-1,3-diol"
1054,['500-73-2'],"phenyl 2,2,2-trifluoroacetate"
1055,['500-99-2'],"3,5-dimethoxyphenol"
1056,['501-02-0'],"(2R,6R)-2-methyl-6-[(E)-prop-1-enyl]piperidine"
1057,['501-26-8'],3-[(Z)-pentadec-8-enyl]phenol
1058,['501-53-1'],benzyl carbonochloridate
1059,['501-97-3'],3-(4-hydroxyphenyl)propanoic acid
1060,['502-31-8'],(E)-13-cyclopent-2-en-1-yltridec-6-enoic acid
1061,['502-32-9'],2-amino-4-methylpentan-1-ol
1062,['502-59-0'],6-methyl-N-(3-methylbutyl)heptan-2-amine
1063,['502-61-4'],"(3E,6E)-3,7,11-trimethyldodeca-1,3,6,10-tetraene"
1064,['502-72-7'],cyclopentadecanone
1065,['502-98-7'],2-chloro-1-(N'-chlorocarbamimidoyl)iminoguanidine
1066,['502-99-8'],"(3E)-3,7-dimethylocta-1,3,7-triene"
1067,['503-09-3'],2-(fluoromethyl)oxirane
1068,['503-20-8'],2-fluoroacetonitrile
1069,['503-31-1'],2H-thiete
1070,['503-39-9'],"2,2,2-trifluoroethanesulfonyl fluoride"
1071,['503-46-8'],"1,5,5-trimethylcyclohexene"
1072,['503-47-9'],"1,3,3-trimethylcyclohexene"
1073,['503-66-2'],3-hydroxypropanoic acid
1074,['503-76-4'],2-chloro-1-nitropropane
1075,['503-80-0'],dimethylarsanyloxy(dimethyl)arsane
1076,['504-29-0'],pyridin-2-amine
1077,['504-70-1'],pyrazolidine
1078,['504-77-8'],"4,5-dihydro-1,3-oxazole"
1079,['504-79-0'],"4,5-dihydro-1,3-thiazole"
1080,['505-12-4'],1-fluoro-2-isocyanatoethane
1081,['505-65-7'],"1,3-dioxepane"
1082,['506-23-0'],"(9Z,11E,13E)-octadeca-9,11,13-trienoic acid"
1083,['506-32-1'],"(5Z,8Z,11Z,14Z)-icosa-5,8,11,14-tetraenoic acid"
1084,['506-43-4'],"(9Z,12Z)-octadeca-9,12-dien-1-ol"
1085,['507-52-8'],"1,1,1-trifluoro-2-methylpropan-2-ol"
1086,['507-63-1'],"1,1,1,2,2,3,3,4,4,5,5,6,6,7,7,8,8-heptadecafluoro-8-iodooctane"
1087,['507-70-0'],"1,7,7-trimethylbicyclo[2.2.1]heptan-2-ol"
1088,['510-35-0'],"2-(1,5-dimethyl-4,7-dioxo-8-tricyclo[4.4.0.02,8]decanyl)propanoic acid"
1089,['511-59-1'],"(1S,2R,4R)-2-methyl-3-methylidene-2-(4-methylpent-3-enyl)bicyclo[2.2.1]heptane"
1090,['512-51-6'],"1-ethoxy-1,1,2,2-tetrafluoroethane"
1091,['512-61-8'],"1,7-dimethyl-7-(4-methylpent-3-enyl)tricyclo[2.2.1.02,6]heptane"
1092,['513-12-2'],2-ethylsulfonylethanol
1093,['513-48-4'],2-iodobutane
1094,['513-49-5'],(2S)-butan-2-amine
1095,['513-53-1'],butane-2-thiol
1096,['513-85-9'],"butane-2,3-diol"
1097,['513-86-0'],3-hydroxybutan-2-one
1098,['514-10-3'],"(1R,4aR,4bR,10aR)-1,4a-dimethyl-7-propan-2-yl-2,3,4,4b,5,6,10,10a-octahydrophenanthrene-1-carboxylic acid"
1099,['514-99-8'],"(6,6-dimethyl-2-bicyclo[3.1.1]heptanyl)methanol"
1100,['515-00-4'],"(6,6-dimethyl-2-bicyclo[3.1.1]hept-2-enyl)methanol"
1101,['515-46-8'],ethyl benzenesulfonate
1102,['515-69-5'],(2R)-6-methyl-2-[(1R)-4-methylcyclohex-3-en-1-yl]hept-5-en-2-ol
1103,['517-23-7'],3-acetyloxolan-2-one
1104,['517-24-8'],"(1S,8S)-1-methyl-2,3,5,6,7,8-hexahydro-1H-pyrrolizine"
1105,['517-25-9'],trinitromethane
1106,['522-24-7'],"N,N-dimethyl-2-phenothiazin-10-ylethanamine"
1107,['524-81-2'],"5-benzyl-2-methyl-3,4-dihydro-1H-pyrido[4,3-b]indole"
1108,['524-84-5'],"N,N-dimethyl-4,4-dithiophen-2-ylbut-3-en-2-amine"
1109,['526-35-2'],"5-methyl-3-prop-2-enyl-1,3-oxazolidine-2,4-dione"
1110,['527-55-9'],"4,5-dimethylbenzene-1,3-diol"
1111,['529-08-8'],"4,8-dimethyl-2-propan-2-ylazulene"
1112,['529-23-7'],2-aminobenzaldehyde
1113,['529-32-8'],"1,2,3,4,4a,5,6,7,8,8a-decahydronaphthalen-1-ol"
1114,['529-34-0'],"3,4-dihydro-2H-naphthalen-1-one"
1115,['529-36-2'],naphthalene-1-thiol
1116,['530-45-0'],1-methyl-4-[1-(4-methylphenyl)ethyl]benzene
1117,['530-54-1'],1-(4-methoxyphenyl)-2-(methylamino)propan-1-one
1118,['530-81-4'],"2-(carboxymethoxy)-4,5-dimethoxybenzoic acid"
1119,['531-26-0'],(2-methoxy-4-prop-2-enylphenyl) benzoate
1120,['532-55-8'],benzoyl isothiocyanate
1121,['532-82-1'],"4-phenyldiazenylbenzene-1,3-diamine;hydrochloride"
1122,['533-17-5'],N-(2-chlorophenyl)acetamide
1123,['533-23-3'],"ethyl 2-(2,4-dichlorophenoxy)acetate"
1124,['533-58-4'],2-iodophenol
1125,['534-00-9'],(2S)-1-bromo-2-methylbutane
1126,['534-52-1'],"2-methyl-4,6-dinitrophenol"
1127,['534-59-8'],2-butylpropanedioic acid
1128,['534-84-9'],2-(piperidin-1-ylmethyl)cyclohexan-1-one
1129,['538-43-2'],"3-phenoxypropane-1,2-diol"
1130,['538-75-0'],
1131,['539-23-1'],6-butoxypyridin-3-amine
1132,['539-32-2'],3-butylpyridine
1133,['540-05-6'],"(6E,10E,12E,14E,16E,18E,22E,26E)-2,6,10,14,19,23,27,31-octamethyldotriaconta-2,6,10,12,14,16,18,22,26,30-decaene"
1134,['540-10-3'],hexadecyl hexadecanoate
1135,['540-49-8'],"(E)-1,2-dibromoethene"
1136,['540-59-0'],"1,2-dichloroethene"
1137,['542-75-6'],"1,3-dichloroprop-1-ene"
1138,['543-49-7'],heptan-2-ol
1139,['543-82-8'],6-methylheptan-2-amine
1140,['543-86-2'],3-methylbutyl carbamate
1141,['544-12-7'],(E)-hex-3-en-1-ol
1142,['546-49-6'],"3,3,6-trimethylhepta-1,5-dien-4-one"
1143,['547-64-8'],methyl 2-hydroxypropanoate
1144,['547-65-9'],3-methylideneoxolan-2-one
1145,['550-60-7'],1-nitronaphthalen-2-ol
1146,['551-08-6'],(3Z)-3-butylidene-2-benzofuran-1-one
1147,['551-93-9'],1-(2-aminophenyl)ethanone
1148,['552-02-3'],"(1aR,4S,4aS,7R,7aS,7bS)-1,1,4,7-tetramethyl-2,3,4a,5,6,7,7a,7b-octahydro-1aH-cyclopropa[e]azulen-4-ol"
1149,['552-25-0'],N-[2-[methyl(2-phenylethyl)amino]propyl]-N-phenylpropanamide
1150,['552-30-7'],"1,3-dioxo-2-benzofuran-5-carboxylic acid"
1151,['552-32-9'],N-(2-nitrophenyl)acetamide
1152,['553-27-5'],"N,N-bis(2-chloroethyl)aniline"
1153,['553-69-5'],1-phenyl-2-(pyridin-2-ylamino)ethanol
1154,['553-84-4'],1-(furan-3-yl)-4-methylpentan-1-one
1155,['554-59-6'],"3,7,7-trimethylbicyclo[4.1.0]heptane"
1156,['555-57-7'],N-benzyl-N-methylprop-2-yn-1-amine
1157,['555-89-5'],1-chloro-4-[(4-chlorophenoxy)methoxy]benzene
1158,['556-48-9'],"cyclohexane-1,4-diol"
1159,['556-52-5'],oxiran-2-ylmethanol
1160,['556-68-3'],"2,2,4,4,6,6,8,8,10,10,12,12,14,14,16,16-hexadecamethyl-1,3,5,7,9,11,13,15-octaoxa-2,4,6,8,10,12,14,16-octasilacyclohexadecane"
1161,['556-69-4'],[dimethyl(trimethylsilyloxy)silyl]oxy-[[[[dimethyl(trimethylsilyloxy)silyl]oxy-dimethylsilyl]oxy-dimethylsilyl]oxy-dimethylsilyl]oxy-dimethylsilane
1162,['556-71-8'],"2,2,4,4,6,6,8,8,10,10,12,12,14,14,16,16,18,18-octadecamethyl-1,3,5,7,9,11,13,15,17-nonaoxa-2,4,6,8,10,12,14,16,18-nonasilacyclooctadecane"
1163,['557-35-7'],2-bromooctane
1164,['557-36-8'],2-iodooctane
1165,['557-75-5'],ethenol
1166,['558-29-2'],"1,1-difluorocyclopropane"
1167,['558-38-3'],2-chloro-2-methylpropan-1-ol
1168,['558-42-9'],1-chloro-2-methylpropan-2-ol
1169,['558-89-4'],"1-chloro-1,1,2,2,3,3,4,4,4-nonafluorobutane"
1170,['558-96-3'],"1-bromo-1,1,2,2,3,3,4,4,5,5,6,6,7,7,8,8,9,9,9-nonadecafluorononane"
1171,['558-97-4'],"1,1,1,2,2,3,3,4,4,5,5,6,6,7,7,8,8,9,9-nonadecafluoro-9-iodononane"
1172,['559-14-8'],"1,1,2,3,3,4,4,5,5,6,6,7,7,8,8,8-hexadecafluorooct-1-ene"
1173,['559-40-0'],"1,2,3,3,4,4,5,5-octafluorocyclopentene"
1174,['562-43-6'],"2,3-dihydroxy-3-methylpentanoic acid"
1175,['562-90-3'],triacetyloxysilyl acetate
1176,['563-10-0'],"tris(2,2,3,3-tetrafluoropropyl) phosphate"
1177,['563-43-9'],dichloro(ethyl)alumane
1178,['563-54-2'],"1,2-dichloroprop-1-ene"
1179,['563-96-2'],oxaldehydic acid;hydrate
1180,['564-00-1'],(2S)-2-[(2R)-oxiran-2-yl]oxirane
1181,['564-94-3'],"6,6-dimethylbicyclo[3.1.1]hept-2-ene-2-carbaldehyde"
1182,['565-61-7'],3-methylpentan-2-one
1183,['565-64-0'],"2,3-dichloropropanoic acid"
1184,['565-65-1'],"1,1,2-trifluorobuta-1,3-diene"
1185,['565-68-4'],4-methylpent-1-yn-3-ol
1186,['565-74-2'],2-bromo-3-methylbutanoic acid
1187,['565-76-4'],"2,3,4-trimethylpent-1-ene"
1188,['565-78-6'],"3,4-dimethylpentan-2-one"
1189,['567-38-4'],"(1R,8S)-1-methyl-2,3,5,6,7,8-hexahydro-1H-pyrrolizine"
1190,['573-99-9'],1-fluoro-2-methylnaphthalene
1191,['576-23-8'],"1-bromo-2,3-dimethylbenzene"
1192,['576-24-9'],"2,3-dichlorophenol"
1193,['577-11-7'],"sodium;1,4-bis(2-ethylhexoxy)-1,4-dioxobutane-2-sulfonate"
1194,['577-37-7'],"(1S,2R,9R,10S)-7,15-diazatetracyclo[7.7.1.02,7.010,15]heptadecan-8-one"
1195,['577-59-3'],1-(2-nitrophenyl)ethanone
1196,['578-07-4'],acridin-4-amine
1197,['578-66-5'],quinolin-8-amine
1198,['578-68-7'],quinolin-4-amine
1199,['578-94-9'],10-chloro-5H-phenarsazinine
1200,['579-60-2'],2-methoxy-6-prop-2-enylphenol
1201,['580-02-9'],methyl 2-acetyloxybenzoate
1202,['580-15-4'],quinolin-6-amine
1203,['581-49-7'],"3-[(2S)-1,2,3,6-tetrahydropyridin-2-yl]pyridine"
1204,['582-83-2'],1-(4-fluorophenyl)butan-1-one
1205,['583-03-9'],1-phenylpentan-1-ol
1206,['583-33-5'],butyl furan-2-carboxylate
1207,['583-57-3'],"1,2-dimethylcyclohexane"
1208,['583-59-5'],2-methylcyclohexan-1-ol
1209,['583-60-8'],2-methylcyclohexan-1-one
1210,['584-03-2'],"butane-1,2-diol"
1211,['585-25-1'],"octane-2,3-dione"
1212,['585-48-8'],"2,6-ditert-butylpyridine"
1213,['586-27-6'],6-methyl-3-propan-2-ylcyclohex-2-en-1-ol
1214,['586-38-9'],3-methoxybenzoic acid
1215,['586-63-0'],3-methyl-6-propan-2-ylidenecyclohexene
1216,['586-70-9'],1-(4-methylphenyl)ethanamine
1217,['586-84-5'],2-(methoxymethyl)-5-nitrofuran
1218,['586-95-8'],pyridin-4-ylmethanol
1219,['586-98-1'],pyridin-2-ylmethanol
1220,['588-43-2'],1-(dibutoxymethoxy)butane
1221,['588-46-5'],N-benzylacetamide
1222,['588-59-0'],(E)-stilbene
1223,['588-67-0'],butoxymethylbenzene
1224,['588-93-2'],1-bromo-4-propylbenzene
1225,['589-29-7'],[4-(hydroxymethyl)phenyl]methanol
1226,['589-33-3'],1-butylpyrrole
1227,['589-34-4'],3-methylhexane
1228,['589-57-1'],chloro(diethoxy)phosphane
1229,['589-62-8'],octan-4-ol
1230,['589-90-2'],"1,4-dimethylcyclohexane"
1231,['589-91-3'],4-methylcyclohexan-1-ol
1232,['590-14-7'],1-bromoprop-1-ene
1233,['590-16-9'],1-bromo-2-iodoethane
1234,['590-21-6'],(E)-1-chloroprop-1-ene
1235,['590-37-4'],2-methylpent-4-yn-2-ol
1236,['590-39-6'],"4,4-dichloro-4-fluorobut-1-ene"
1237,['590-74-9'],"4,4-difluoropentan-1-amine"
1238,['590-88-5'],"butane-1,3-diamine"
1239,['590-91-0'],"1,1-difluorobuta-1,3-diene"
1240,['591-23-1'],3-methylcyclohexan-1-ol
1241,['591-24-2'],3-methylcyclohexan-1-one
1242,['591-97-9'],(E)-1-chlorobut-2-ene
1243,['592-09-6'],"trichloro(3,3,3-trifluoropropyl)silane"
1244,['592-35-8'],butyl carbamate
1245,['592-43-8'],(E)-hex-2-ene
1246,['592-45-0'],"(4E)-hexa-1,4-diene"
1247,['592-46-1'],"(2E,4E)-hexa-2,4-diene"
1248,['592-47-2'],(E)-hex-3-ene
1249,['592-48-3'],"(3E)-hexa-1,3-diene"
1250,['592-56-3'],(E)-N-[(E)-ethylideneamino]ethanimine
1251,['592-77-8'],hept-2-ene
1252,['592-78-9'],hept-3-ene
1253,['592-95-0'],(E)-4-isothiocyanato-1-methylsulfinylbut-1-ene
1254,['592-99-4'],(E)-oct-4-ene
1255,['593-39-5'],(Z)-octadec-6-enoic acid
1256,['593-59-9'],
1257,['593-68-0'],ethylphosphane
1258,['593-75-9'],isocyanomethane
1259,['593-89-5'],dichloro(methyl)arsane
1260,['593-92-0'],"1,1-dibromoethene"
1261,['594-02-5'],"1,1-diiodoethane"
1262,['594-40-1'],"2,2-dichloropropanenitrile"
1263,['594-45-6'],ethanesulfonic acid
1264,['594-57-0'],"2-chloro-2,3-dimethylbutane"
1265,['594-89-8'],"1,1,1,2,2,3,3-heptachloropropane"
1266,['595-86-8'],"1,1,1-trinitroethane"
1267,['596-76-9'],diethyl 2-butyl-2-ethylpropanedioate
1268,['597-04-6'],"ethyl 2,2-dimethyl-3-oxobutanoate"
1269,['597-05-7'],3-ethyl-2-methylpentan-3-ol
1270,['597-32-0'],"1,3-dichloro-2-methylpropan-2-ol"
1271,['597-76-2'],3-ethylhexan-3-ol
1272,['598-03-8'],1-propylsulfonylpropane
1273,['598-22-1'],propanoyl bromide
1274,['598-36-7'],1-aminopropane-2-thiol
1275,['598-39-0'],"1,1-difluoro-2-iodoethane"
1276,['598-72-1'],2-bromopropanoic acid
1277,['598-75-4'],3-methylbutan-2-ol
1278,['598-79-8'],2-chloroprop-2-enoic acid
1279,['598-88-9'],"(E)-1,2-dichloro-1,2-difluoroethene"
1280,['598-96-9'],"(E)-3,4,4-trimethylpent-2-ene"
1281,['599-02-0'],"2,2-dimethyl-3-nitrobutane"
1282,['599-91-7'],propyl 4-methylbenzenesulfonate
1283,['599-97-3'],"1,1,1-trichloro-2,2-diethoxyethane"
1284,['599-99-5'],"2,2,2-tribromoethyl acetate"
1285,['600-24-8'],2-nitrobutane
1286,['601-75-2'],2-ethylpropanedioic acid
1287,['602-01-7'],"1-methyl-2,3-dinitrobenzene"
1288,['602-29-9'],"1-methyl-2,3,4-trinitrobenzene"
1289,['602-60-8'],9-nitroanthracene
1290,['603-52-1'],"ethyl N,N-diphenylcarbamate"
1291,['603-69-0'],ethyl 2-acetyl-3-oxobutanoate
1292,['604-74-0'],"2-[(2-tert-butylphenyl)-phenylmethoxy]-N,N-dimethylethanamine"
1293,['605-55-0'],phenanthren-2-ol
1294,['605-88-9'],2-methylbenzo[h]quinoline
1295,['606-41-7'],2-aminonaphthalen-1-ol
1296,['607-88-5'],(4-methylphenyl) 2-hydroxybenzoate
1297,['608-23-1'],"1-chloro-2,3-dimethylbenzene"
1298,['608-26-4'],2-chloro-3-methylphenol
1299,['608-30-0'],"2,6-dibromoaniline"
1300,['608-32-2'],"benzene-1,2,3-triamine"
1301,['608-50-4'],"1,3,5-trimethyl-2,4-dinitrobenzene"
1302,['609-31-4'],2-nitrobutan-1-ol
1303,['609-39-2'],2-nitrofuran
1304,['610-15-1'],2-nitrobenzamide
1305,['610-25-3'],"1-methyl-2,4,5-trinitrobenzene"
1306,['610-31-1'],"1,2,4-trinitrobenzene"
1307,['610-34-4'],ethyl 2-nitrobenzoate
1308,['610-39-9'],"4-methyl-1,2-dinitrobenzene"
1309,['610-69-5'],(2-nitrophenyl) acetate
1310,['610-91-3'],"1,2,4-trimethyl-5-nitrobenzene"
1311,['610-99-1'],1-(2-hydroxyphenyl)propan-1-one
1312,['611-20-1'],2-hydroxybenzonitrile
1313,['611-36-9'],1H-quinolin-4-one
1314,['611-43-8'],1-methyl-2-(3-methylphenyl)benzene
1315,['611-61-0'],1-methyl-2-(4-methylphenyl)benzene
1316,['611-73-4'],2-oxo-2-phenylacetic acid
1317,['611-99-4'],bis(4-hydroxyphenyl)methanone
1318,['612-13-5'],2-(chloromethyl)benzonitrile
1319,['612-28-2'],N-methyl-2-nitroaniline
1320,['612-61-3'],7-chloroquinoline
1321,['613-50-3'],6-nitroquinoline
1322,['613-70-7'],(2-methoxyphenyl) acetate
1323,['614-29-9'],"1,2-diphenylethanol"
1324,['614-69-7'],1-isothiocyanato-2-methylbenzene
1325,['614-72-2'],1-chloro-2-ethoxybenzene
1326,['614-98-2'],ethyl furan-3-carboxylate
1327,['615-05-4'],"4-methoxybenzene-1,3-diamine"
1328,['615-57-6'],"2,4-dibromoaniline"
1329,['615-71-4'],"benzene-1,2,4-triamine"
1330,['615-89-4'],"4,6-dimethylbenzene-1,3-diol"
1331,['616-05-7'],2-bromohexanoic acid
1332,['616-10-4'],bicyclo[4.2.0]oct-7-ene
1333,['616-13-7'],1-chloro-2-methylbutane
1334,['616-16-0'],(2R)-2-methylbutan-1-ol
1335,['616-19-3'],"1,3-dichloro-2-methylpropane"
1336,['616-27-3'],1-chlorobutan-2-one
1337,['616-68-2'],"2-(diethylamino)-N-(2,4,6-trimethylphenyl)acetamide"
1338,['617-02-7'],(2-methylphenyl) benzoate
1339,['617-29-8'],2-methylhexan-3-ol
1340,['617-79-8'],2-ethylbutan-1-amine
1341,['618-89-3'],methyl 3-bromobenzoate
1342,['618-95-1'],methyl 3-nitrobenzoate
1343,['619-01-2'],2-methyl-5-prop-1-en-2-ylcyclohexan-1-ol
1344,['619-15-8'],"2-methyl-1,4-dinitrobenzene"
1345,['619-22-7'],3-(dimethylamino)benzaldehyde
1346,['619-24-9'],3-nitrobenzonitrile
1347,['619-25-0'],(3-nitrophenyl)methanol
1348,['619-33-0'],"1,1-dichloro-2,2-diethoxyethane"
1349,['619-52-3'],(4R)-4-methyl-1-propan-2-ylcyclohexene
1350,['619-73-8'],(4-nitrophenyl)methanol
1351,['620-00-8'],None
1352,['620-05-3'],iodomethylbenzene
1353,['620-11-1'],pentan-3-yl acetate
1354,['620-12-2'],"1,3-dihydroxypropan-2-yl nitrate"
1355,['620-47-3'],1-benzyl-3-methylbenzene
1356,['620-79-1'],ethyl 2-benzyl-3-oxobutanoate
1357,['620-84-8'],4-methyl-N-phenylaniline
1358,['620-95-1'],3-benzylpyridine
1359,['621-27-2'],3-propylphenol
1360,['621-30-7'],1-isothiocyanato-3-methylbenzene
1361,['621-36-3'],2-(3-methylphenyl)acetic acid
1362,['621-37-4'],2-(3-hydroxyphenyl)acetic acid
1363,['621-52-3'],1-ethoxy-3-nitrobenzene
1364,['621-59-0'],3-hydroxy-4-methoxybenzaldehyde
1365,['621-63-6'],"2,2-diethoxyethanol"
1366,['621-76-1'],1-(dipropoxymethoxy)propane
1367,['621-78-3'],tripentyl borate
1368,['621-82-9'],(E)-3-phenylprop-2-enoic acid
1369,['622-04-8'],"1,3-diphenoxypropan-2-ol"
1370,['622-25-3'],[(E)-2-chloroethenyl]benzene
1371,['622-59-3'],1-isothiocyanato-4-methylbenzene
1372,['622-76-4'],but-1-ynylbenzene
1373,['623-09-6'],"4-N-methylbenzene-1,4-diamine"
1374,['623-15-4'],(E)-4-(furan-2-yl)but-3-en-2-one
1375,['623-21-2'],furan-2-ylmethyl butanoate
1376,['623-26-7'],"benzene-1,4-dicarbonitrile"
1377,['623-30-3'],(E)-3-(furan-2-yl)prop-2-enal
1378,['623-34-7'],"1,4-dichloro-2-methylbutane"
1379,['623-54-1'],O-ethyl methylsulfanylmethanethioate
1380,['623-56-3'],5-methylhexan-3-one
1381,['623-57-4'],"3-(dimethylamino)propane-1,2-diol"
1382,['623-60-9'],1-chloropropan-2-yl acetate
1383,['623-69-8'],"1,3-dimethoxypropan-2-ol"
1384,['623-73-4'],ethyl 2-diazoacetate
1385,['623-85-8'],ethyl N-propylcarbamate
1386,['623-87-0'],(2-hydroxy-3-nitrooxypropyl) nitrate
1387,['623-95-0'],"1,3-dipropylurea"
1388,['624-09-9'],heptyl heptanoate
1389,['624-20-4'],"1,2-dibromohexane"
1390,['624-22-6'],2-methylhexan-1-ol
1391,['624-43-1'],"2,3-dihydroxypropyl nitrate"
1392,['624-52-2'],"3-butoxypropane-1,2-diol"
1393,['624-69-1'],
1394,['624-85-1'],ethyl hypochlorite
1395,['624-90-8'],azidomethane
1396,['624-96-4'],"1,3-dichloro-3-methylbutane"
1397,['625-04-7'],4-amino-4-methylpentan-2-one
1398,['625-08-1'],3-hydroxy-3-methylbutanoic acid
1399,['625-16-1'],2-methylbutan-2-yl acetate
